,TSLA,X4958.TW,X2330.TW,X1536.TW,X3501.TW,X603305.SS,X300750.SZ,X600885.SS,DAN,TEL
2018/10/31,65.98000336,64.34851074,205.9352722,120.6393051,39.84789276,22.38256836,74.74186707,19.2530365,14.25857449,74.29549408
2018/11/1,68.06458233,64.50735067,207.7827636,115.8406966,39.86089774,22.18346989,72.43701391,20.69020664,15.71526345,70.15924445
2018/11/2,69.63752167,67.46150007,212.9367771,124.4080565,40.30699992,23.70786475,68.85189063,22.08722093,14.66174185,72.84761803
2018/11/5,70.03674003,65.6214683,216.9403935,130.0041462,40.68113189,26.44502167,77.25004921,22.62831224,14.98260797,74.06350141
2018/11/6,69.40477826,63.29338437,218.2860318,123.1144886,40.54256869,27.3198802,78.34603511,23.29122524,14.04933657,73.4828623
2018/11/7,69.10764155,62.93745673,214.3889758,120.854596,40.90881193,27.29922167,81.32030388,22.73201516,13.59410866,71.70671158
2018/11/8,70.83020246,62.52505742,214.9993718,124.9743773,41.28636477,27.08123746,77.56863912,21.17853496,14.72127097,75.99561642
2018/11/9,71.62452678,62.67024888,216.5853907,120.5056929,41.30565467,26.39709511,76.75923626,21.80065419,14.33761839,75.18969675
2018/11/12,71.15510756,64.26445527,211.7506495,120.5222353,42.17915676,26.97711914,77.90773884,21.30067485,13.72730432,74.85199968
2018/11/13,67.20511731,62.51687812,211.668721,118.8489776,43.86050655,29.74655394,83.96761767,22.81728828,13.2831132,72.10680851
2018/11/14,68.67437727,66.15416437,208.319205,118.0517813,44.18456989,29.18966865,83.22910677,23.89392503,13.51252279,72.70003221
2018/11/15,69.99231209,70.49870833,208.4434609,119.1792185,45.105662,28.7453914,80.51520306,23.61180132,14.00017169,71.73410624
2018/11/16,70.71304145,71.6907238,211.0444335,120.5120347,45.03975321,29.03168216,82.96516352,23.47065189,13.60572105,72.75052223
2018/11/19,71.92243434,72.62237373,205.4963534,122.9864041,45.82188203,31.23169337,80.27236639,22.66459682,13.67091048,72.95543772
2018/11/20,71.50005464,72.27542526,202.120638,123.3741446,46.0468344,29.98877555,81.00057203,22.39908182,13.56081092,70.45157771
2018/11/21,70.44402741,70.18631802,198.0427621,122.4252893,45.62329033,29.47941279,77.5076222,22.22914136,13.23606241,69.9174677
2018/11/22,68.06136581,71.71824509,197.6900979,119.3336599,45.38946797,28.9759787,79.61516921,22.18671125,13.51906941,71.6496274
2018/11/23,68.56798273,69.57686898,198.6111562,119.5043429,45.67568772,29.94038003,78.37686512,22.23171282,13.94632517,71.09946344
2018/11/26,65.91223297,69.99247006,197.9876921,115.3104189,45.35470394,29.72270398,74.35550458,21.4038592,13.81487437,70.75119624
2018/11/27,69.83799902,69.60353577,201.7787776,119.3798779,45.65929162,29.2310704,75.97658465,20.25905859,13.44190074,71.55482288
2018/11/28,69.15106302,69.57045764,202.7014599,116.36851,45.5485821,28.46969239,77.69991124,21.97966351,13.65811801,70.13186246
2018/11/29,70.2212624,72.82940895,205.4165198,119.0755572,45.71898915,30.30369234,79.57876447,22.45107547,14.1259663,71.87716086
2018/11/30,68.49200232,73.18565951,204.45278,116.6043819,46.02375901,30.13979841,79.51395619,21.53352896,13.23809354,72.14447637
2018/12/3,70.97569682,72.07977438,204.9759063,122.2016622,45.8775668,31.07351995,81.16819176,23.19151269,14.14146183,72.74991848
2018/12/4,72.47183449,76.59698309,212.4422069,128.6810474,46.85994458,33.25455352,82.58466809,23.39825796,14.05387519,73.63223826
2018/12/5,72.41212011,76.02574238,216.7004353,124.4189959,47.07839315,35.85627454,82.04217118,24.54619168,13.56580458,69.92331612
2018/12/6,72.62026976,75.3131407,203.8601669,125.3069489,46.45413592,34.388397,81.77588511,23.37991303,13.38851774,70.65753832
2018/12/7,73.35816699,74.57333257,199.7677593,119.9230132,45.58776905,34.64221129,80.39890096,23.67048192,13.7238058,72.02789882
2018/12/10,72.93607444,74.35256661,205.9774,120.3550463,46.09578183,33.61846164,79.57500754,23.59869372,13.56408604,69.47073264
2018/12/11,73.94628317,76.06311331,197.5529598,114.9437524,45.13648077,33.69303062,79.75435826,22.7540756,12.9383407,70.22740841
2018/12/12,74.24475588,73.93174137,202.2332175,115.3634046,45.68294805,33.07532179,78.98700247,23.22009027,13.32768979,70.21063684
2018/12/13,74.01770091,76.56186211,208.4973676,118.6295519,45.93542442,33.10721921,81.07186916,23.56571367,13.36273854,70.73288324
2018/12/14,76.22312095,79.95187985,204.9388959,115.7381211,45.7011348,34.65761371,84.32303112,23.45224006,12.79025302,69.83987243
2018/12/17,73.90880891,76.96272241,202.1331654,116.1974189,45.32983077,32.6373072,81.1563308,23.19310687,12.92559348,69.47083064
2018/12/18,69.85725639,76.19749037,205.308202,117.4503371,45.37215029,32.38382948,80.87250701,22.54350392,13.16168778,68.5736397
2018/12/19,68.35871848,78.4874969,204.1573601,118.7927082,44.93348208,31.14447539,81.12575444,22.02712814,13.25808392,69.62972534
2018/12/20,67.31656273,77.50077835,206.2418429,117.5198367,44.90361026,31.28236389,80.96940535,22.34431426,12.96752869,68.66789775
2018/12/21,64.50765039,76.66397369,204.1065958,116.8898626,44.77829504,30.30996126,77.29415844,21.53192971,13.0833222,67.77830953
2018/12/24,64.05560017,77.14700694,203.2697035,115.7076598,44.58599144,30.63196478,79.42421235,21.90012116,12.41190872,68.33671061
2018/12/25,59.50561343,76.32277016,201.429604,118.4152765,45.2049801,30.51047304,79.54076962,22.56497581,12.45478588,67.23152578
2018/12/26,58.81444494,73.83913277,194.5534565,114.8344251,44.67704582,31.02236056,78.515081,22.24173465,12.66554528,67.15219176
2018/12/27,66.04329335,73.06778149,199.9245012,113.7892831,44.38366253,29.72469156,75.3598386,22.28263319,13.28980382,69.25794835
2018/12/28,63.53035582,76.16007013,203.3224813,114.3485972,44.84251736,30.37061481,75.81747568,22.20762446,12.7909333,71.59999421
2018/12/31,65.66465684,74.48376888,210.5013842,117.1753371,45.44798968,30.50941087,73.3725541,22.61886951,12.44964082,69.89345872
2019/1/2,66.9124526,74.24326553,202.4963644,113.8738025,44.88231228,31.02192851,75.05810894,22.1193587,12.45894254,72.20797995
2019/1/3,62.42807085,72.36281849,200.5890923,113.3854039,44.62092947,30.87132964,73.76132357,22.74380961,13.58506895,71.60749051
2019/1/4,61.28435065,68.14516555,199.3219131,112.6488605,44.62671737,28.96354973,73.70282504,22.39337448,12.90797881,69.00734926
2019/1/7,63.76451192,68.6578428,190.2776977,111.85573,44.47932047,31.45957969,76.84273377,21.95512659,14.07728382,71.03286078
2019/1/8,67.7559154,70.06298545,195.4676057,115.4040303,45.02241215,32.7189337,77.10583759,23.88559259,14.68627173,72.43912524
2019/1/9,66.55703027,69.53714443,199.7820497,116.1134896,45.20265761,31.92614159,78.13557854,23.34946244,14.71900886,71.77427101
2019/1/10,67.34286744,68.24564055,190.7611986,115.1576213,45.27757439,31.6891009,78.48735849,22.67516626,14.73020712,73.87523865
2019/1/11,68.9664536,68.50223057,196.0468244,112.5872757,45.09946937,30.8171283,76.4315743,23.62485467,15.97525321,74.54013368
2019/1/14,70.30588548,70.02302625,200.3626206,117.1329425,45.34191062,30.68275559,74.72851952,25.24001618,15.38686488,74.84835548
2019/1/15,67.21095065,66.78556538,198.5317253,114.2593775,45.07565631,30.09919389,76.01833633,23.72289393,15.80751119,74.37337498
2019/1/16,69.45028215,69.21240716,201.4919169,117.4618318,45.32258105,29.63176096,77.1928472,25.10724783,16.18508487,74.05573809
2019/1/17,71.11358825,70.00157115,201.8263213,115.7280077,45.36659432,28.60808393,76.82764716,25.53876888,16.37476076,75.50105421
2019/1/18,69.60203824,68.24521841,201.146918,115.9165338,45.45571588,28.46484593,75.65089082,24.15411482,16.77446691,76.83006258
2019/1/21,60.9166103,70.98902107,200.7347627,114.860956,45.69604132,28.31972244,73.70329734,24.60116992,17.36430688,77.92748705
2019/1/22,61.136394,71.34118402,201.9474013,114.4637928,45.97505443,26.72074469,74.74516451,24.91128342,17.22264557,77.68036208
2019/1/23,60.04003159,72.22165724,207.4910064,112.385397,45.65690595,26.50050931,74.03035262,24.21296545,16.86141004,76.43621433
2019/1/24,57.92343119,72.77543401,202.4892662,114.4025335,45.51011012,27.02660804,74.49153897,24.71056015,16.61079173,73.09568962
2019/1/25,57.43832421,70.80615265,202.0821556,111.1219789,45.47640664,27.13574787,74.95844945,24.58461767,17.1706579,76.33125193
2019/1/28,59.10228764,73.82809121,211.9064338,112.8839625,45.83281903,26.5286275,76.09202457,24.78633965,17.65932198,77.14331111
2019/1/29,58.72987338,73.32021318,211.5259278,112.1841118,45.59208167,25.83644607,74.70484292,25.29505213,17.00709564,76.8964846
2019/1/30,58.4924739,72.09955485,208.0787695,112.7577366,45.50097254,26.23834495,75.4325469,24.67198989,16.88198585,75.15105657
2019/1/31,60.97436822,73.46690704,205.8616036,113.591358,45.48492378,25.83970126,75.39635295,23.6607656,17.41279076,77.23228857
2019/2/1,60.63315549,73.61598118,205.3889776,112.0405503,45.52848423,24.07574469,75.42621505,25.16016493,17.41419994,77.93619207
2019/2/4,61.26470835,73.67555635,205.5198595,113.3152712,45.6006574,26.09704959,76.73722076,25.23756075,17.66285123,78.42813112
2019/2/5,62.2762263,73.58996405,204.1469639,113.3349991,45.4332888,26.21411836,76.66631712,24.46661284,17.31021181,77.81238078
2019/2/6,63.83685952,73.66764932,204.3154132,113.2297622,45.47542571,26.14356511,76.76165662,25.05270144,17.51785794,78.85255435
2019/2/7,62.73988485,73.33159486,202.8518858,113.5950185,45.32143455,26.23245507,78.0034669,25.45788676,17.41771317,80.33570089
2019/2/8,61.33396372,73.58515922,205.0370266,113.8038073,45.42885024,26.13502119,77.60933042,25.05887797,16.8381152,78.142146
2019/2/11,60.85421516,73.57512087,204.5401588,113.9624376,45.42431606,26.11296472,77.6590304,25.10174069,16.25327507,77.63460669
2019/2/12,62.08328892,74.53180386,206.6065959,113.0414754,45.36650731,27.07522068,81.17913672,24.7671082,16.79705953,77.70071306
2019/2/13,62.21688029,76.72351587,215.3970912,113.6569779,46.69203155,27.06604656,80.55870936,25.40384185,17.11021902,78.95010921
2019/2/14,61.23888773,76.7072765,212.2355153,112.889138,46.52356789,28.92723818,81.48417588,26.23730488,16.67572009,78.61831407
2019/2/15,60.78327389,77.32018273,214.6074554,114.5836886,46.9885805,29.13710481,83.85463054,25.77789462,16.91823804,77.93647449
2019/2/18,61.23371035,78.74255398,211.9836798,113.9715039,47.48536917,28.0183619,82.81717877,25.34608137,18.61033711,79.20379887
2019/2/19,61.34043869,78.65284609,215.8535047,114.1704276,47.79037874,28.72748428,84.62295696,26.40330591,18.76512037,79.29832159
2019/2/20,61.35243679,80.52448138,219.1814527,115.8052897,48.07297932,27.91662757,80.56119594,26.51554815,19.18488589,79.65092865
2019/2/21,59.59838598,81.89204377,215.685435,115.9327873,47.7748052,27.93462636,84.22701031,24.8431412,19.48906876,80.26389943
2019/2/22,57.77417791,80.73339884,221.9839467,116.547949,48.21312119,28.03146923,81.82053489,25.67059948,19.76447054,79.72949272
2019/2/25,58.32605607,80.84161558,218.3627285,114.9706249,48.88177048,28.8234126,86.3330498,26.19005253,20.6579772,81.09644803
2019/2/26,59.32796411,83.56579686,225.1445329,115.8465989,49.44024569,31.57029844,90.97048951,26.2865831,20.36525144,81.43750242
2019/2/27,59.09501326,85.42920357,225.968082,114.6926748,48.99098276,32.77934494,87.84265629,26.46095948,20.01388272,81.0579044
2019/2/28,61.49380902,82.83187323,222.2380407,113.7532666,49.13111086,32.42558749,86.92904473,25.0097881,20.07392353,80.01944186
2019/3/1,63.02832465,83.4047793,224.595752,114.1638206,49.2097586,33.75950164,86.02763185,25.56661047,19.71866169,79.52852737
2019/3/4,57.99533761,83.38229066,224.3500389,114.0482999,49.1804233,33.68506732,91.15147743,25.56322735,19.66228162,80.8462375
2019/3/5,56.29376605,82.15531862,218.0939329,114.8363468,49.0026703,34.6975839,94.0934838,26.11158483,19.53385418,80.62735654
2019/3/6,54.71937097,81.23757848,219.0305318,113.3257546,50.24812552,34.51299896,91.52712025,26.37554422,19.14478563,79.77530387
2019/3/7,54.64436172,82.40658753,218.6457172,114.1447556,51.37116855,34.10886447,90.555517,25.73372008,18.53727988,79.01059941
2019/3/8,54.27720543,81.90969612,216.280265,113.2388481,50.86435554,33.68069718,88.49802676,25.19241939,18.90307369,78.59900819
2019/3/11,55.76837383,83.76314449,215.9391376,111.5960166,51.009503,31.64294785,85.77439527,24.38582996,18.31430456,78.61768695
2019/3/12,57.03876343,82.01719495,215.7612961,110.3114957,51.51137491,34.49270616,88.71900638,26.1980419,18.50538823,80.23753708
2019/3/13,55.30317935,83.73637931,217.8670179,110.3901095,51.29514854,37.94365615,92.28690745,27.98720168,18.73937266,79.85661046
2019/3/14,56.651473,85.57160014,220.522503,108.8531109,51.47936197,38.05313727,89.33960421,27.71374282,18.15685502,80.32134397
2019/3/15,56.82709181,83.50501,218.8455895,108.8502405,51.56476704,37.28685057,89.94469819,27.20770635,17.74021247,80.47134955
2019/3/18,54.08826883,83.16034273,222.8265087,111.4018167,51.52458597,38.3591809,91.67498189,27.71218121,18.06143172,80.66768166
2019/3/19,53.14287011,84.43570845,224.1807629,109.1587345,52.05358911,37.60130493,90.52132427,27.85492266,18.21404006,80.0808597
2019/3/20,52.71624065,87.27861012,223.2088817,109.217902,51.52559633,37.17261291,89.33076944,27.69150579,17.93527567,80.75464553
2019/3/21,54.19304369,85.59595391,225.0902268,110.4900241,52.01218485,35.86338693,87.17172318,26.73535626,17.37824331,80.41160109
2019/3/22,54.06107657,85.64450451,228.6745816,108.8283296,51.83514934,37.0438985,87.55127313,27.0735011,17.707372,81.48639669
2019/3/25,52.18715975,85.59405748,231.5206233,109.8851821,52.27543255,36.04081993,86.75586887,26.98734988,16.21257304,78.98516252
2019/3/26,51.57347916,85.54665195,227.8387796,107.6369765,51.64980582,35.78263146,89.58533212,26.30060013,16.43355462,78.69384357
2019/3/27,52.85833648,85.84271978,228.6758762,107.2086781,49.61329158,32.02673515,85.26571742,25.43973371,16.64308615,78.96673372
2019/3/28,54.42561225,86.88794749,226.8755724,107.1917107,49.70349392,31.05952793,83.38332305,25.77750713,16.89132125,78.53028892
2019/3/29,54.74865439,86.27126286,229.3790988,107.5513134,48.57102246,30.21792424,83.82203979,26.12748449,17.16521841,77.6412071
2019/4/1,54.74638469,88.60513884,230.4692208,107.2933828,48.77455305,30.81417848,85.59507023,26.8232109,17.15995996,77.5727033
2019/4/2,56.85569666,87.65830021,231.0595466,107.8337811,48.1714744,32.66749948,86.42155179,27.2769338,17.91519954,80.75324269
2019/4/3,56.91250306,90.50983522,231.3014086,107.2964126,48.80985419,31.97021316,84.95790471,27.61488147,17.91094944,81.95869484
2019/4/4,57.79514701,88.8245912,230.7786682,108.4771566,48.8249781,31.12483786,84.29945909,27.59203872,18.27340216,82.20662633
2019/4/5,53.18153708,89.54212369,230.5668812,109.2086172,48.78978859,31.15714782,84.14477907,28.82540563,18.78791318,82.90492301
2019/4/8,54.92520728,91.16971143,234.5365558,110.4454746,49.27412104,31.21827985,84.52699614,29.45028715,18.51861632,83.1882513
2019/4/9,54.51519593,97.16195397,236.2422326,110.3385345,49.3270477,30.42770255,82.24395333,27.54318469,19.49192576,83.55336288
2019/4/10,54.35603312,96.13084077,238.0906112,109.2060893,49.08647041,30.83661956,83.95510624,27.48460373,19.24794398,82.57316744
2019/4/11,55.02330743,91.53998471,239.2596123,112.7976945,48.61861359,30.12279311,82.27756874,28.22809441,19.39799576,83.57383284
2019/4/12,53.38896713,95.53995515,234.6503246,112.4048076,48.22136872,30.84820928,80.45968315,27.96062053,19.56021909,84.02338606
2019/4/15,53.2581462,104.8870598,235.4993014,109.9994886,48.30360363,30.30239241,81.75045372,27.19958741,20.24306802,85.33469707
2019/4/16,52.83873156,104.0932628,239.2026009,108.5286195,48.22397831,29.55003221,80.85810651,26.81088101,19.65148258,84.22043045
2019/4/17,54.27070326,104.6304809,240.9057106,109.674959,48.3055885,29.87074589,81.83111083,27.05534561,20.11952776,85.43718574
2019/4/18,53.80894792,107.6532551,245.2746655,109.1816055,48.67356803,31.0410084,85.54419508,27.80873632,20.30046524,85.9901185
2019/4/19,54.24409456,107.3582761,252.9769747,108.1245447,48.30913063,30.69600599,84.19310622,27.68845185,20.10484869,86.89913183
2019/4/22,54.36578447,106.2016861,248.591996,108.4637319,48.27282652,30.24486357,82.61134247,27.03349326,19.93737708,86.08994534
2019/4/23,52.29660279,108.7580525,250.1947757,108.9732771,48.25001105,29.34274557,80.79782385,26.58552459,19.71204094,85.69425868
2019/4/24,52.64224153,110.9808409,252.9810463,109.0032999,48.18396489,28.43242803,78.41814024,26.02184052,19.82203481,86.96478943
2019/4/25,51.55820414,104.7548324,254.6859541,108.602961,48.19183212,28.47720998,79.8301019,25.08743002,19.79571846,92.91277339
2019/4/26,49.36557261,107.9694106,253.8335605,107.5925663,48.39445028,27.24378388,78.88649673,24.25803876,18.8179557,92.54922802
2019/4/29,45.83192065,114.4211386,248.5486222,107.6914346,48.4559739,26.8566117,79.40928152,25.85878734,18.4464656,89.8552153
2019/4/30,47.54079014,105.9890492,244.678657,106.7686409,47.6991617,26.65511204,77.60102263,23.73879499,18.67373845,87.03937891
2019/5/1,47.9551916,102.8121263,244.7130228,106.8590476,47.33350888,26.65009929,78.70005364,23.49477707,19.06947255,92.39995482
2019/5/2,46.7336021,111.5044528,244.5949397,106.024382,47.32668138,26.60617406,78.90720707,23.89536613,18.92260472,93.20017543
2019/5/3,48.38373999,104.0804788,251.0695578,106.3659317,47.30760434,26.52147373,78.87402191,23.85772145,17.8269869,92.46376006
2019/5/6,50.49748896,104.2346343,250.6185888,106.7629179,47.54344431,26.45579664,78.71910344,23.8141122,17.69355892,93.44173782
2019/5/7,50.68397342,107.3412212,243.4668201,105.2589842,46.86144126,23.17552598,75.25049971,22.35324223,17.34080336,92.1633265
2019/5/8,48.97574059,108.4600942,247.3995314,103.6918285,47.15991767,23.93995947,75.45177639,23.09438358,16.78558582,89.57998513
2019/5/9,48.54921702,105.113118,243.2990266,96.44339896,47.0524752,23.52791253,74.09255875,22.03691058,16.79772085,88.84068856
2019/5/10,48.81082191,101.1516093,235.9055974,89.78510568,46.50192849,23.14224902,72.44958607,21.80231555,16.71341187,90.21042228
2019/5/13,47.73302654,99.52586142,244.4407106,86.82664096,46.33192789,23.7034505,73.54707727,22.29560929,16.28687894,90.20254936
2019/5/14,44.60875965,96.40989908,233.6862039,83.73321172,46.06307245,23.43396761,70.71495967,21.63503978,15.49319499,84.50188794
2019/5/15,45.95830298,99.12734184,231.6429495,78.92580558,45.71026702,23.0834999,71.13953278,21.25663748,15.5937798,86.07007456
2019/5/16,45.79944502,94.04549283,233.9946084,83.60836182,45.46511182,23.31554052,73.85345951,21.51380417,15.64585506,86.48482458
2019/5/17,45.03933969,88.15073672,229.5328376,82.6545601,45.09378653,24.07000849,73.35373818,22.52835043,15.35528403,86.76131053
2019/5/20,41.15990469,83.03379032,225.935594,82.14362245,44.80926751,22.85516438,70.44272649,20.80898449,15.2032652,85.50347035
2019/5/21,40.2485325,82.91092519,218.8083695,86.91453336,44.84575919,21.14711952,68.38532281,20.71786861,15.03682057,84.48965488
2019/5/22,40.35942539,84.74100979,219.4936442,89.87091248,45.09273037,22.21051288,69.31435111,21.20255885,15.41068809,86.11512771
2019/5/23,37.60752808,81.79036873,215.7392199,85.84424211,45.04810146,21.89045018,68.71169995,21.112496,14.9495762,85.48094325
2019/5/24,38.34784233,79.80608585,210.9040427,85.96466438,45.16421891,21.47488447,66.57194334,20.89307172,14.50225194,84.18830435
2019/5/27,37.02174925,83.10529963,213.291734,85.39978023,45.41978904,21.03875308,66.420946,22.16212196,14.48327739,83.50578135
2019/5/28,37.66571609,82.55362839,214.2151878,87.11129447,45.56569352,21.72565113,68.06686552,21.773008,14.72624073,84.02114095
2019/5/29,36.97250068,82.36521724,207.9816634,87.36325512,45.68345878,23.91565242,70.78256061,21.60910717,14.74465365,83.39972553
2019/5/30,37.11072415,82.02201172,207.6146952,86.97002609,45.61282037,23.71508609,69.08619626,21.71475893,14.74183187,83.47889621
2019/5/31,36.727992,82.16703883,210.0363245,86.5721094,46.04807469,24.81119391,68.00932435,22.43649051,14.79230588,83.67014989
2019/6/3,35.78341787,84.39508282,213.4082343,86.48488173,46.09830998,24.01521462,68.03983001,22.73618191,14.0148337,81.58974306
2019/6/4,34.57549868,82.76876634,215.5572762,85.85719889,45.66851609,23.57473717,67.24145292,22.70034532,14.54476345,82.26680087
2019/6/5,38.4452596,79.50601525,206.6937263,86.73158489,45.85505687,24.44505815,65.12806559,21.22901412,15.59488024,84.06223826
2019/6/6,38.85955426,87.94927908,216.1971327,85.68744318,45.93928913,23.98083819,68.23688763,21.88241177,15.32934442,86.97310509
2019/6/7,40.17836064,85.26169076,211.4973909,85.80053933,45.59332726,23.02492224,65.87488827,21.98203977,15.05113023,86.60594335
2019/6/10,39.65300739,81.97451477,210.3707939,85.83169323,45.60819415,22.70277753,65.0321956,22.04981274,15.67510478,86.32333922
2019/6/11,41.88511673,83.90036827,218.6818793,85.42001442,45.47335397,24.07687109,65.91533455,22.55410158,16.14654632,88.1384134
2019/6/12,42.87854999,92.04573283,223.603094,86.45373319,45.50759328,24.69420732,67.02843805,22.96774914,16.16791198,88.77588712
2019/6/13,41.603832,90.69172185,224.2977341,85.74191104,45.38044062,24.21405819,66.49641944,22.2523434,16.17796919,89.55331887
2019/6/14,42.27250909,86.45805156,219.7601071,87.65402918,45.40174619,24.43691173,69.86232791,21.32332846,16.34253163,89.28490549
2019/6/17,42.4970428,88.08210739,216.2256092,87.10954082,45.21740872,23.59916058,70.68417766,21.19631903,15.95661829,87.86195918
2019/6/18,44.68531259,89.55288345,215.6179783,89.03142138,45.19626473,24.24075103,70.49014034,21.58890067,16.08464106,87.97511188
2019/6/19,44.46876578,88.25665988,216.1896432,89.30250571,45.40064841,23.88687522,70.08567531,22.19175365,16.57147851,89.88897455
2019/6/20,44.82558335,91.87209204,223.9334001,90.46107934,45.91696475,24.20496964,68.68337204,22.87010862,16.56640464,90.5208852
2019/6/21,43.55538585,92.84851026,225.4420731,91.73314931,46.30373596,24.60429541,68.91023062,23.675265,17.20651856,93.14885076
2019/6/24,44.19359972,88.77035699,226.8215045,91.67768215,46.19325701,24.83802965,68.10886431,23.13473291,17.37355794,92.17108516
2019/6/25,44.58199325,89.99099681,227.2723806,92.11839206,46.08611193,24.35061727,67.90736225,23.48243753,17.37344799,92.08028953
2019/6/26,44.03581056,90.4515308,226.8841418,90.07277827,45.78301293,24.04499452,67.65003827,23.62246041,17.3072898,91.86670681
2019/6/27,43.74788839,89.48165689,222.9784284,90.48461674,45.86366739,24.11677182,68.9267219,24.19010927,17.94597267,92.49182648
2019/6/28,44.46482818,92.97542998,228.5971238,92.89853549,46.11948471,23.94685454,68.86326597,24.28029984,18.93011455,92.4340817
2019/7/1,44.70546742,92.08531718,227.9310065,96.60282565,46.34674754,23.82258172,68.23361713,24.24925923,19.5037243,93.17271924
2019/7/2,45.30493334,97.3160381,234.7133762,101.7706486,46.54194867,24.14825256,69.34026508,24.98372672,19.08683085,94.49094756
2019/7/3,44.79554972,96.57145292,236.8525914,101.2078569,46.43399922,24.95293074,70.0708759,24.30720443,18.94715657,93.26500111
2019/7/4,46.76127503,93.99485383,232.8977225,106.2069229,46.4953603,26.06395449,70.75167981,24.52995962,18.94570577,93.1444752
2019/7/5,47.03416282,97.07328992,234.0069985,106.5143183,46.89524194,26.11799662,70.25121459,23.81237554,19.09533059,93.09327739
2019/7/8,46.70370441,96.77868633,232.1403163,105.9585324,47.05063794,25.80169884,70.28024837,24.34421282,18.82331971,92.71398025
2019/7/9,46.31201698,97.87469712,229.1958387,107.9238277,46.99295355,24.83195781,67.22961029,24.16277962,18.38833361,91.47464871
2019/7/10,46.26512335,95.30062302,230.9654423,106.5672778,46.78294949,25.19073323,69.95058188,24.17850488,17.96117532,91.23939616
2019/7/11,48.05333922,97.12479489,235.6888318,110.9370369,46.68610519,24.62575981,71.69845132,24.46433299,18.31872537,90.97334967
2019/7/12,47.74020642,100.7107624,237.907987,109.8301808,46.91491612,24.43432646,71.38591793,24.08933182,17.55650631,89.6913798
2019/7/15,49.20021138,100.5271393,237.6405646,111.6432436,46.74029373,24.18571242,73.19659992,24.23125241,18.11491702,91.30722258
2019/7/16,50.89392878,101.5221694,242.330241,112.3398821,46.74943251,24.31598862,73.03577243,24.75007249,18.13111685,90.56922693
2019/7/17,50.78609672,106.3291545,250.7760319,113.942355,47.08695718,25.10299195,72.85701503,24.57922389,18.18245342,87.33460962
2019/7/18,51.40521305,111.7467177,241.1418676,111.5295541,47.32214705,25.04882431,72.95661922,23.94793732,18.07265568,85.33453486
2019/7/19,51.18853159,109.0534756,244.8275105,110.496553,47.22149232,24.9692143,71.4860726,23.52092675,18.05351049,85.9967073
2019/7/22,52.5634597,109.5725237,247.9091108,109.4227831,47.18925213,25.56075147,72.18800634,23.59277095,18.24375652,86.11469784
2019/7/23,51.98600661,115.6431137,252.1412797,112.9416895,47.32229467,24.64745827,73.03617086,23.24975612,18.0421149,86.56282204
2019/7/24,52.90246418,115.3390295,253.7582549,109.7009015,47.33857848,24.77596111,75.8463091,24.26469944,19.19170337,87.66806971
2019/7/25,53.42094467,112.8016059,253.8546765,110.4947116,47.54309885,24.69302348,75.92000217,24.05687245,19.5552002,88.16208285
2019/7/26,46.26178071,114.7567201,254.6256686,111.5857088,47.8771296,24.43795415,76.04244237,24.16083875,19.03192718,88.27120907
2019/7/29,46.11358892,112.1009947,251.8516808,112.0117967,47.69966124,24.19392622,76.91018153,23.85646789,19.1643384,90.10442908
2019/7/30,47.97537496,109.8095575,245.3335351,109.0502445,48.20053577,23.84526767,76.9473056,23.90502312,18.97967487,90.39633124
2019/7/31,48.62917115,110.7945564,252.7782546,107.7427471,48.15059987,24.70193004,78.01534311,24.20552304,18.93461508,89.57770934
2019/8/1,48.50492056,112.5015551,250.3303255,108.7623669,48.24988739,25.11314491,76.25720575,24.8314784,16.48098914,89.00200662
2019/8/2,47.09180464,108.4285011,248.4338184,107.3594777,48.09766914,25.81626562,76.19385869,25.13148292,15.36973649,87.63480202
2019/8/5,47.30480699,99.13557675,242.803352,109.5901902,47.66344339,25.28119275,75.83058024,25.53303195,14.9154194,87.25919305
2019/8/6,46.09449247,99.06339448,238.2524825,106.7912988,47.00780279,23.83315761,73.54961856,25.3181432,14.23733696,84.78996253
2019/8/7,46.22932062,100.0496523,236.693041,109.5800688,46.70306015,22.35609445,72.53633267,25.48901729,13.85114705,85.2089895
2019/8/8,46.87165402,98.07229163,237.1451525,108.0633571,47.13839428,22.08146048,73.74663496,25.23203631,13.59038207,85.61588076
2019/8/9,47.86862088,101.2894606,242.552177,109.5888319,47.2499236,22.30983614,73.5169487,25.83406329,13.72448106,86.91255617
2019/8/12,47.0448688,101.7971508,241.8692261,108.5984521,47.22576904,22.42232564,72.01575101,25.04079035,13.20039583,86.16416245
2019/8/13,46.01938737,101.871059,239.8187479,106.7510424,47.14768335,23.56809035,73.5886895,24.76333391,12.87752636,84.47015271
2019/8/14,47.24431556,105.1762604,235.63277,106.8868496,46.92506604,23.73527318,73.71659976,24.74689978,12.9093847,86.26841622
2019/8/15,44.11365403,114.4367311,236.6335506,103.6837847,47.32913049,23.12967381,73.31790404,24.58243428,12.29191533,84.23892724
2019/8/16,43.25701626,113.276349,236.8496788,103.5604227,47.03269051,23.21774978,74.32245943,24.42697637,11.89163606,83.80082779
2019/8/19,44.13060407,112.4307931,238.9679467,103.7373484,47.24168676,23.24208273,73.44000376,24.35229832,12.29201964,86.41277114
2019/8/20,45.41470339,117.030911,238.2492253,103.4653444,47.72963051,23.12178691,76.22973811,25.74870061,12.14847979,87.06750376
2019/8/21,45.19145311,117.1929321,242.6989162,104.9209381,47.99297722,23.69672654,75.70707007,25.31103772,11.99010856,86.34969676
2019/8/22,44.20393153,117.4341859,242.8461187,108.488285,47.72736035,23.71691361,76.12082235,24.88022603,12.21970794,87.06803672
2019/8/23,44.78365346,121.4308164,242.2630002,107.4333695,47.94252731,23.76903836,76.06530356,24.61709847,12.33941907,87.76315003
2019/8/26,42.58711641,120.3863387,243.8372107,106.8240937,47.74154836,23.68195478,74.36521349,24.46431784,11.52874525,86.44488788
2019/8/27,43.32780962,115.5769309,238.563361,105.3455284,47.28672945,23.46515639,73.23146459,24.83784005,11.40040905,86.11616352
2019/8/28,42.64930602,115.052476,233.562161,105.7969098,46.85211533,23.69272436,73.19407635,24.75795659,11.07844167,86.64155046
2019/8/29,43.09161573,114.40509,242.1943533,112.7331421,47.21250126,24.33024342,72.76826994,24.56026141,11.77208449,86.30047168
2019/8/30,44.34036792,114.4530212,242.6840412,113.3838975,47.07591632,23.79324456,71.33828558,24.49996039,12.05178724,88.88645529
2019/9/2,45.56203447,117.0531282,250.8364094,118.0084322,47.23695145,23.85491076,72.96645545,24.55442668,12.64431299,88.17684673
2019/9/3,45.27439975,117.2819612,247.6918824,116.6038182,47.35401162,25.05070391,73.19227742,24.65295963,12.36264201,88.2008561
2019/9/4,45.1126645,114.5817609,244.0256708,113.7461758,47.16113732,24.50834442,71.36568626,24.20629087,11.86650357,86.06324582
2019/9/5,44.4971351,116.5932905,248.8869395,114.0076567,47.30658825,24.69945964,71.40906951,24.03331566,12.46175221,87.97292271
2019/9/6,46.25180157,118.8718663,253.9334377,111.5965357,47.50544562,24.73912595,71.53665953,24.25825142,13.4630248,91.66165706
2019/9/9,45.82281371,115.8227404,254.5057486,110.6326718,47.51525808,25.03856913,72.11877111,23.98403741,13.6780732,92.00208876
2019/9/10,47.39635638,120.1061636,264.5105717,109.8153322,48.15373471,26.01982818,78.41557109,24.48067681,14.79240077,93.78997725
2019/9/11,47.67522963,112.2120434,255.6090828,110.7337384,47.00323818,25.56719267,77.59485976,25.24464396,15.32338961,93.51821268
2019/9/12,49.93303148,110.3299575,256.6276125,112.2179973,46.9570188,26.0212219,78.04706979,25.28923839,14.5524694,93.63876091
2019/9/13,50.10738796,111.216004,260.0020649,111.8699538,47.19876531,26.95399555,79.1108259,24.98162384,14.7231448,95.19556355
2019/9/16,49.63680686,109.8968612,255.8716025,111.7519591,47.01838724,26.81160131,78.72279789,25.09302926,15.21655019,94.62450559
2019/9/17,49.08306876,110.3184256,258.7875122,111.2011578,46.86956165,28.28733436,77.36572796,25.1551904,15.21200403,92.99533397
2019/9/18,49.94129303,111.7863408,258.3294179,110.2495637,46.97789168,27.78421626,75.47711239,24.69413612,15.35836441,92.78913746
2019/9/19,49.30139351,113.1647505,259.325546,111.738932,47.13780881,27.79763381,75.29958231,24.67550641,14.80904004,92.66313099
2019/9/20,49.85494467,113.4961772,259.1930091,111.2074699,46.83527094,27.88020239,76.06173651,25.2877012,14.91927432,92.27432842
2019/9/23,48.54329008,113.2463874,257.4680373,111.3258944,46.83426382,29.05294909,75.15208983,25.23753125,14.6199649,90.89716682
2019/9/24,48.69506151,115.8292095,258.5842253,112.6282908,46.91807875,28.59969251,73.32816825,25.3764893,14.41752794,89.324462
2019/9/25,45.06646326,114.3260999,259.5963632,114.6098961,46.97980471,28.09340047,73.08417958,26.02245901,13.9539061,89.15133989
2019/9/26,46.12694263,114.490923,258.5083422,113.1787933,46.69436279,27.28271062,72.75052994,25.89986958,13.98058715,90.33458922
2019/9/27,49.41494105,113.9836067,263.0103041,113.5210908,46.62950357,26.71297772,71.58672908,25.30283399,14.0289452,90.65230345
2019/9/30,49.33599606,110.0536872,266.4024641,113.5289816,46.50612625,27.53547954,71.63634852,25.2524263,14.02134568,89.99882818
2019/10/1,47.58923014,110.2204634,267.84426,112.6477242,46.49139258,29.02061003,71.76188961,25.12589151,13.9364823,90.40615253
2019/10/2,49.55760727,115.2728844,275.0985308,113.1864199,46.7095635,29.13795187,71.40726252,25.03120862,13.69899713,89.00398372
2019/10/3,49.21626407,114.8214019,273.2276084,113.6783552,46.49440941,29.09704317,71.42367024,25.02212509,13.37832604,86.55864551
2019/10/4,46.37779712,110.4756853,270.2428415,112.6292581,46.14844309,29.02108667,71.02490101,24.928795,13.14414296,86.29573906
2019/10/7,46.78711078,113.4994672,272.5205844,106.6612184,46.14044957,29.2229588,71.39874493,24.96192394,13.44551249,87.54487025
2019/10/8,48.10836643,116.8764927,273.5269978,105.1841538,46.21926368,29.26389924,71.45769602,24.96380014,13.18355772,85.60494674
2019/10/9,48.18752296,116.6749639,279.5079996,103.6617483,46.2397254,30.00069429,70.05965327,25.30858895,12.79426235,83.09188281
2019/10/10,48.72193714,115.1301143,276.1698705,102.0280547,45.71428595,29.70855307,68.76972136,25.02753174,13.14814926,84.47785322
2019/10/11,48.75070891,115.016139,276.3403873,102.0083873,45.69584713,30.12969516,70.54185833,25.10301067,13.31706719,85.1867345
2019/10/14,49.74211184,117.0534915,276.2258045,101.8710567,46.08622214,28.90027878,71.20882064,24.52789861,14.31002516,87.23765965
2019/10/15,51.34451287,120.1431061,280.2028478,101.8092477,45.6193063,31.40691302,70.13947724,24.77475793,14.26281812,87.24696395
2019/10/16,51.51213097,120.0762781,282.1815421,104.2050698,45.66557984,29.65786764,70.16506825,24.59046841,14.36628989,88.81746417
2019/10/17,51.20410793,122.72514,296.6107099,103.3337512,46.57769414,30.64772379,69.57257363,24.40638327,14.93711238,89.47473997
2019/10/18,52.4924312,127.3526817,286.4753818,102.7888911,46.39851436,31.85373057,69.01513728,24.31643179,14.98002967,90.00752329
2019/10/21,51.50800341,130.6197154,283.6396225,103.2493784,46.16316727,29.96084097,69.7776013,24.41544787,15.17383645,89.82788545
2019/10/22,50.72495203,132.4300182,280.6765422,102.7415562,46.56252717,28.30687012,69.10925507,24.87556037,15.3023502,90.90528693
2019/10/23,51.18506646,136.3995374,285.5253772,102.2281122,47.29631975,29.5881072,70.06423492,24.74559188,15.82128924,90.98695893
2019/10/24,50.99762356,134.8719925,289.5646773,102.6902989,46.8251056,28.84921013,70.07522477,24.26962071,15.85476071,90.61472097
2019/10/25,60.23442531,143.2398782,292.193236,112.4653012,47.28042176,30.15464211,71.08748073,25.18779864,16.04308319,91.22650691
2019/10/28,65.70609249,143.1391066,289.9435891,111.3754822,47.1504273,31.43020427,70.48124595,25.51012304,16.36911173,91.43243611
2019/10/29,65.57897202,145.4294692,286.5528388,108.8922601,46.96882879,32.00130405,70.28603336,25.53190713,16.54108384,91.87020156
2019/10/30,65.45960279,142.4601901,295.9293833,112.1367497,47.1237221,31.68584585,68.47236683,25.30608132,16.74973994,91.42135766
2019/10/31,64.45116652,146.6621383,293.5611995,111.0435859,46.73234621,31.33190443,68.92677468,25.06919227,16.87065605,87.59955991
2019/11/1,64.48084738,143.081738,292.0807407,110.5107777,46.6339026,31.2917224,68.11849385,24.95185744,16.10559099,87.04448106
2019/11/4,63.08433267,143.4499944,287.2183345,110.6496965,46.22237239,31.50682459,68.02015552,24.35903135,17.0495088,87.81003717
2019/11/5,64.53321513,144.2270951,299.5697445,111.507287,46.76740256,32.41286199,69.25307646,26.02073801,17.70812279,91.44745469
2019/11/6,64.59674896,145.7432253,303.5603104,111.4737929,46.71881602,32.06497959,72.83125951,26.26270912,17.27133057,91.62903305
2019/11/7,67.37863129,142.3422939,309.4221717,110.6002557,47.21606237,33.05381661,75.94595883,26.62897832,17.69208942,92.37201185
2019/11/8,68.6732186,146.0471896,303.6678914,111.2313688,46.82714053,33.67574571,74.85546199,26.81624632,18.03103006,91.6915363
2019/11/11,68.87108322,145.0159808,299.6617468,112.0884345,46.76479115,34.47572599,75.12317167,26.6600329,17.96023866,91.49085568
2019/11/12,70.85093013,142.4451033,297.5269102,110.0257702,46.57636239,34.849114,73.37253156,26.73634696,17.92808787,91.14043329
2019/11/13,71.60332096,150.5041765,300.9246883,110.432208,46.38572747,34.60003874,74.4651354,26.44226212,17.77560085,90.75977251
2019/11/14,70.81786364,136.7607978,299.3947036,109.9713983,46.81851101,34.11166775,73.92731192,28.05671457,17.13950497,91.22547622
2019/11/15,71.38039779,135.4643871,299.3493887,107.8347773,46.48533664,34.32039745,73.81466681,27.46484914,16.92248032,90.24087034
2019/11/18,72.07589056,135.8984615,303.5282659,107.8571131,46.46985472,32.43282852,72.44967383,28.12575621,16.87271539,90.60708939
2019/11/19,71.68621683,138.8124933,303.0586296,107.8444851,46.27905417,32.9540799,72.83932372,28.63724706,16.83678374,90.00493102
2019/11/20,74.04669802,136.2700908,308.8043673,108.5857854,46.36239088,33.28064718,76.4891602,29.07840051,16.82810775,90.53850463
2019/11/21,72.33184207,136.1769244,307.1643704,109.1017539,46.64844137,32.31832237,76.01268322,28.90861847,16.45044633,90.12879007
2019/11/22,72.90971447,135.5316521,304.3941998,108.1159728,46.60140392,31.87195904,76.84097659,29.19211917,16.43534197,89.13729976
2019/11/25,67.59855094,132.5708222,298.5589638,108.2638183,46.14577566,31.48342723,80.16173811,29.90357383,16.59066711,88.46919468
2019/11/26,68.81854328,133.1802434,299.1856677,108.1154917,46.48509053,30.67420789,83.49693903,28.58069425,17.26720441,91.06234356
2019/11/27,67.36396622,132.9339651,303.0383317,109.2550728,46.47823087,30.77047773,88.14032182,28.20378238,17.13317138,91.22865174
2019/11/28,68.06219999,136.888598,310.7492485,111.5599,46.76971901,31.82419436,89.65578756,29.65988756,17.55638666,92.19083161
2019/11/29,67.60715399,132.6644644,308.0844059,111.3282786,46.5118326,31.17948152,89.06495894,28.99351221,17.33671785,91.52938629
2019/12/2,67.21977488,130.5421879,300.4617596,111.9362845,46.37329214,30.62647275,88.49994755,28.91221698,17.08806943,90.76919483
2019/12/3,68.03032973,131.1458532,299.3752704,109.4476376,46.17566682,30.31708418,88.68811017,28.80051394,17.1325838,89.05223713
2019/12/4,68.45152224,129.1789727,298.1563356,110.767583,46.37569323,30.90354703,88.1090603,28.63247872,16.77166721,87.72397088
2019/12/5,67.83052332,131.1707256,300.3695264,110.2043765,46.19059972,30.81204393,88.46159773,28.60997611,16.68273896,88.61701032
2019/12/6,66.91851367,129.0248212,302.7995507,109.9861364,46.01861851,30.58850471,92.48669175,28.56069993,16.71244867,88.29910465
2019/12/9,68.39291917,130.2211388,303.2887029,109.5862878,46.42290746,31.25308921,94.29426935,29.81030968,17.76209416,90.07582053
2019/12/10,69.22557237,132.7901242,308.0593436,111.5532685,46.32409066,31.18669151,94.33626544,29.31445175,17.51693282,88.83885703
2019/12/11,71.50019465,134.9970923,307.6424415,110.1150565,46.08030858,31.59043616,96.24652275,28.43419327,17.72495564,88.90109897
2019/12/12,71.97191235,133.3758959,310.7693262,110.0681395,46.18960865,30.81204103,93.89512276,28.70175494,18.12155392,90.64250818
2019/12/13,73.34511927,135.4904774,324.2815716,111.0590357,46.1275417,29.670192,92.02994897,28.5086848,19.22144509,92.31694025
2019/12/16,72.93991945,135.3806965,334.1396721,109.5269693,46.16109847,29.00281696,95.44258466,29.68196183,18.91142488,92.81218844
2019/12/17,77.36110325,133.3975472,330.1603905,111.4994123,46.02789344,29.17179368,94.55176399,30.08646024,18.81663355,92.50635951
2019/12/18,77.53256288,137.7628511,336.3006871,114.9405645,46.54079422,30.46658968,97.77410623,31.46894954,19.06885034,92.71774523
2019/12/19,81.42328869,138.3195877,332.5102202,113.95583,46.78650477,30.88344576,95.15313237,31.12579608,19.67859793,93.90135226
2019/12/20,82.38497099,133.3213429,330.8181133,114.5263766,46.41823886,31.16392733,95.658858,30.94125152,18.75880869,92.86153913
2019/12/23,81.67767162,135.6547891,328.1051973,113.3195386,46.41388083,31.75985045,95.06540957,31.83696347,18.47203094,93.75239018
2019/12/24,85.96588223,135.5645688,326.9907708,112.7030708,46.4598828,31.69422836,94.73888962,32.27389239,18.43571548,92.18240275
2019/12/25,86.3380202,134.0895769,329.6444997,113.8918128,46.67205795,33.31952904,101.7858085,34.75932004,18.6608703,93.45873599
2019/12/26,86.69517545,135.6630245,330.1773825,114.7134202,46.74896656,33.51555876,107.7675705,34.4261684,18.43521473,92.71721053
2019/12/27,88.27568201,135.6598755,325.6558518,112.3291325,46.73426207,32.4593102,108.4190192,33.78290409,18.43667765,94.11658156
2019/12/30,87.93294821,137.026896,331.6152157,112.689837,46.94561422,32.9447699,107.484341,33.48043774,18.378608,93.31190771
2019/12/31,85.18997329,136.9458,329.4841061,113.8245919,47.08466759,33.48131958,113.2026582,34.76704069,18.14857219,92.75799689
2020/1/2,85.70475045,137.6983011,326.6315031,113.0052599,47.19250757,34.17325428,109.259636,34.80778363,18.26732904,93.61751069
2020/1/3,88.32478962,141.8094349,332.9075612,114.259494,47.27510825,34.49454005,110.8582373,34.51088945,18.49231577,94.27498698
2020/1/6,91.15818901,142.1850171,332.9193117,119.1546978,47.23462989,35.05712407,113.088323,34.61391528,17.39732742,93.11789265
2020/1/7,93.51648502,137.1891767,329.290884,121.1064579,46.86197851,38.60229431,113.3554348,35.72638882,17.38200142,93.30972505
2020/1/8,96.81002178,128.1353683,322.7099491,123.4150469,46.75913153,41.34186836,112.3329976,36.05007511,17.21661043,95.26420698
2020/1/9,101.3162443,126.4961311,322.8055925,123.5827567,46.60879786,45.44365138,113.4869303,37.12777474,17.0774094,95.19025969
2020/1/10,98.658885,136.2902968,333.7311683,122.7024058,46.90236098,47.11078594,119.7342049,36.77353417,16.80997932,96.27645045
2020/1/13,97.95715658,130.2008673,332.9593539,119.1850941,46.57107027,49.68703255,117.3672876,36.40234574,16.28547296,95.17819841
2020/1/14,107.42903,133.2756836,332.4126822,119.4691195,46.49174159,54.66253904,121.0782354,36.70681661,16.25374528,94.54992163
2020/1/15,109.6901539,131.561668,335.2532773,120.0877315,46.8597671,53.03844807,119.0389229,36.66406141,15.76196193,97.00821878
2020/1/16,106.2530128,131.5581936,330.4621183,121.303567,46.82611136,53.82756867,119.5626608,36.03101076,16.11999834,96.30755578
2020/1/17,105.3980184,132.4957027,327.5305307,120.9114677,47.05302522,55.57365694,120.6196177,36.0168752,16.27936532,97.855587
2020/1/20,103.565539,131.0918892,321.4368945,122.3741009,46.84838272,52.61455326,118.8797186,35.78771591,16.4164839,96.62290636
2020/1/21,105.8122587,129.81353,325.7568968,121.268102,46.63426772,54.07339711,126.9140078,35.93827826,16.3835048,97.86721815
2020/1/22,112.808422,129.7774805,327.2196842,121.240125,46.6773439,53.45602124,126.0118959,35.14417598,16.28063019,98.20503215
2020/1/23,117.0020506,130.3237081,325.0359141,120.8417066,46.79253848,56.269974,138.7333346,36.74542893,16.50883443,96.99515819
2020/1/24,117.5861813,129.6937306,324.2654562,121.3300885,46.73632394,53.25801439,135.1235465,34.44246944,16.59178756,98.5105483
2020/1/27,115.6283066,129.7619962,323.5634328,120.9821122,46.62206104,53.50153259,135.2900927,34.31587594,16.03456381,96.58875374
2020/1/28,113.6394661,130.2926875,326.2679177,120.8876433,46.66371727,54.35661502,136.6992869,34.9088582,15.77155981,95.97183474
2020/1/29,117.7945996,129.9100106,324.186623,121.1696155,46.66523771,52.21384284,133.0126136,34.12262123,16.06146079,95.97983648
2020/1/30,120.5113887,129.6945467,323.9339761,121.4725108,46.6474814,53.54748655,134.0231712,34.24398237,16.0739321,96.02848364
2020/1/31,131.8954733,116.3857629,309.6494489,114.702155,45.1984223,52.85684053,135.1918845,34.14328364,15.67581544,94.66237414
2020/2/3,135.0506093,115.1015637,310.7880423,117.9819618,45.36511758,53.07127516,134.0627249,34.30860854,15.08573343,90.27499587
2020/2/4,161.4576604,115.0340008,305.5053066,115.0822549,44.47508907,48.00888688,139.5130605,33.04660641,15.71299426,92.05232785
2020/2/5,175.4860794,115.4907253,313.043117,121.2735521,44.86888409,52.71786267,150.8378253,36.07496638,15.84722619,92.35657472
2020/2/6,148.0583984,113.482926,315.6587028,119.0004424,44.33091146,55.1618072,168.0110645,35.11423245,16.40467255,95.49446329
2020/2/7,156.102778,115.3543261,317.9701084,119.5799834,44.66153898,56.96466383,175.1348503,35.44319219,15.9698237,92.49260095
2020/2/10,135.1325326,114.3550716,309.4253748,116.5824909,44.35201575,55.93150372,166.4563075,34.66666438,15.97231392,92.31139518
2020/2/11,176.3562041,117.5687523,316.1128151,115.9002731,43.91334386,60.68386817,176.8592495,35.56841207,14.71748562,89.38243144
2020/2/12,171.897077,119.6807883,322.753861,116.8612127,43.89693266,57.13049296,163.4413827,36.53866486,15.72925454,90.21952092
2020/2/13,174.3122924,117.7055618,321.4451946,115.8288686,44.29591458,56.74324323,166.8951674,35.85897769,16.64056126,94.60514115
2020/2/14,169.3756451,119.7708051,323.5597033,114.4927204,43.94851059,57.97823322,169.8950726,36.02760786,17.67731924,92.58430182
2020/2/17,167.2386833,120.6868183,322.6810739,118.2424922,44.10181205,55.0468053,160.0412769,35.24981402,17.18370502,90.64900151
2020/2/18,169.995816,118.2178063,323.2139409,117.1104798,44.25559442,55.71703992,160.6337017,36.56801749,17.38719191,90.49330832
2020/2/19,181.8781127,116.3668415,310.7787615,113.5732311,43.70326151,55.76806556,161.3174569,36.65038792,17.02164863,89.37687861
2020/2/20,195.3475941,117.6888292,315.7637818,119.9180569,44.18263062,55.66086165,159.2152476,36.15828933,17.1994972,91.25618779
2020/2/21,193.3459267,115.9049945,311.1449989,120.8121661,44.11466041,55.14167564,166.6745613,35.01555574,17.40114536,90.73100175
2020/2/24,191.7034845,118.2324949,313.6669202,119.9348634,44.04755954,56.55312965,167.1861102,36.68378895,17.12282096,90.44813577
2020/2/25,176.3245522,113.4229078,309.6280031,116.2608056,43.81157227,55.02544991,159.7200449,38.74005716,15.67194698,86.21593213
2020/2/26,169.6561604,116.7557452,305.8963415,117.3041911,43.75188553,55.67981477,168.3189639,38.03554558,14.32444978,82.98740636
2020/2/27,164.2945685,113.3532712,306.5511991,116.3277739,43.93103164,51.23431205,159.9444434,36.96179979,14.66013297,84.48526519
2020/2/28,141.2126436,109.7988862,304.2482155,111.9561571,43.59543558,48.73730406,158.7891868,36.11770272,13.93708582,81.99360232
2020/3/2,139.1509837,111.8892685,305.3249502,112.7685947,43.71699809,44.56994536,144.1439657,34.6062629,14.28517745,82.45254455
2020/3/3,150.6755122,111.9583602,298.5659219,111.4030417,43.53262472,43.03498147,142.4827337,36.05585493,14.07009262,83.55229142
2020/3/4,153.3899152,115.4550881,305.8078863,111.5978393,43.96442834,45.78737518,150.8391448,36.85203599,12.98328641,80.44565146
2020/3/5,151.640511,115.0902563,312.9991871,108.5972331,43.69826737,44.23335306,146.4741513,35.32310893,13.5541638,84.89422068
2020/3/6,142.9775563,116.2736364,310.418776,108.4127834,43.8386322,46.06988047,153.0203793,37.56607905,11.94555564,78.19077314
2020/3/9,146.2266455,112.4721266,301.651941,105.1309942,43.64598164,44.62804067,145.4014985,34.57783954,11.30687229,75.20173339
2020/3/10,120.7896856,104.5718544,286.7990908,96.58608451,41.97461359,39.42912938,127.8199208,31.00615671,9.899075082,72.27206038
2020/3/11,136.0357927,107.8585891,294.9036505,99.82032185,43.26549908,42.94306787,142.877794,35.45346873,10.3633123,76.00659265
2020/3/12,125.5490823,107.5048218,291.2967288,96.66947899,42.8346345,42.41902527,142.7835517,32.60205606,9.859046223,71.53994182
2020/3/13,109.4343206,100.0646991,293.0466736,94.59648386,41.08359661,36.71289047,137.2038911,32.55744212,7.953063349,66.01971365
2020/3/16,106.4984558,88.75970607,282.3343161,86.1019816,38.88373537,44.18430852,140.8730989,31.97575928,8.607903098,69.6767383
2020/3/17,88.54665135,84.05395227,261.8317778,84.12299996,38.06013826,34.6430405,117.6124736,27.74659076,5.677314673,55.71919184
2020/3/18,93.49294909,80.14533325,261.7133741,87.11771997,37.2644643,37.62334976,120.6524,31.47836796,5.058363899,61.51976646
2020/3/19,62.58459394,73.36579892,246.9356479,80.33850576,35.63090542,37.77622931,116.1093677,27.36751557,3.697198438,48.90303683
2020/3/20,75.41957801,67.0630519,237.599883,70.94175208,28.30099619,36.94742895,115.1476848,26.49457042,5.434758237,51.85028593
2020/3/23,74.32844804,54.48444235,236.9391501,65.61450956,31.57176733,36.48814793,107.2869413,26.08355613,1.343171628,56.36702109
2020/3/24,59.02865796,68.48615617,234.0266459,66.67423775,31.34820574,32.04977055,104.6523785,23.22487606,2.922694113,40.78106393
2020/3/25,80.41772377,63.44265309,241.5421158,58.02760345,32.93280989,35.58714246,107.0894469,23.89226968,0.674755062,43.58333802
2020/3/26,98.27034413,83.13624553,268.1524847,74.24630391,37.78316115,38.33922752,122.5972708,27.2591756,2.702031596,54.65309487
2020/3/27,107.8143076,75.46305159,243.8040532,56.89422901,25.90167992,35.55733358,114.1682238,25.61597577,8.012170561,63.47742755
2020/3/30,97.25278075,84.14366625,270.3591635,74.65186052,52.76680059,36.29580738,116.6875549,29.03084843,5.230175797,55.46959165
2020/3/31,99.26821611,95.22908244,265.5158776,76.84277432,36.60088618,38.37547552,122.5128652,26.53430957,7.683060398,63.38072048
2020/4/1,109.9718517,92.50377527,258.5324056,77.13327503,37.91830054,36.05770519,118.2341909,26.7095509,7.393968959,64.09087331
2020/4/2,93.04530087,89.25593082,260.6144513,76.43608497,37.69304886,36.72543782,119.4683153,27.12496229,6.065434941,57.72479741
2020/4/3,91.38156654,84.86407228,250.1546082,67.77579025,38.30508204,37.45389048,120.7171988,26.48804794,6.385294231,54.8432226
2020/4/6,94.04612302,85.96592026,259.1303162,69.11343674,36.30210332,36.2825348,118.4526785,27.41504647,6.929206324,57.78079882
2020/4/7,100.971676,83.44598057,259.6281006,67.71485088,38.30703208,36.44878382,118.3088241,27.42462388,6.819369606,58.54321324
2020/4/8,108.9674235,84.50566471,268.2491113,68.67366257,38.39917755,39.71504258,121.7345953,28.69527066,7.553071559,59.56349279
2020/4/9,105.4139211,93.66092801,270.6428507,73.34068134,39.50974707,38.55740798,119.6848389,29.04126339,8.071453988,64.696177
2020/4/10,110.2863762,90.13092938,267.2783903,71.87610194,38.82080927,38.55084341,116.9045362,29.5577136,8.858376387,65.36724287
2020/4/13,111.9084612,105.7526593,275.9056074,81.69277672,41.97030536,39.30857578,118.7995354,29.41397275,9.188421764,65.30089784
2020/4/14,132.2843861,98.00803745,260.0802607,72.63757138,40.57735068,35.9711059,111.7862898,28.66955062,9.205778654,70.75131487
2020/4/15,139.5367288,102.8350569,277.6421864,80.16325629,42.62723657,38.73610878,124.0428568,29.89934286,8.840634332,65.21237263
2020/4/16,153.1024392,97.64469956,275.442049,84.16193808,41.63025737,39.43277398,124.8772683,28.88937727,8.73382934,65.44267172
2020/4/17,144.4038527,95.41379223,274.02956,81.87002871,39.52995264,39.46705527,128.7640723,29.25646154,8.145153111,59.87494535
2020/4/20,151.2842166,95.17673519,290.5933331,79.00362038,41.10578714,40.53220422,132.4036871,29.3510671,8.817283244,65.25770323
2020/4/21,148.9442952,94.91043786,292.651296,78.14846403,40.93285741,39.5330735,132.0234645,29.6660838,8.024382612,62.32198403
2020/4/22,136.8536784,94.28525229,282.6662044,73.02171777,39.63546058,37.99757724,129.3907613,29.17774859,7.704496497,60.73219926
2020/4/23,147.3927977,94.17308967,281.7437452,76.27969353,39.85809875,37.95028186,129.6327625,28.95976598,8.18119883,63.63769451
2020/4/24,136.2913101,92.814589,285.7428029,77.73832104,39.08381995,37.14855088,128.2185624,28.4117258,8.18121123,64.44906361
2020/4/27,144.5921494,92.31029831,282.2365502,77.08470402,38.3119789,35.79284594,129.3088418,28.19579495,8.795413293,67.34684155
2020/4/28,158.2853449,96.17976764,287.3179657,78.6003484,39.86109047,35.42498787,131.8151503,28.94949334,9.158072463,69.94530593
2020/4/29,155.6385347,101.0561824,292.8172587,82.58699305,41.65627288,36.6872785,137.2731549,29.14459881,9.702713995,70.55593346
2020/4/30,161.707347,98.758214,287.5753585,81.6923918,42.48581199,38.26324473,137.075561,29.11853073,10.58172248,76.71104579
2020/5/1,156.4073164,104.6809556,296.196039,91.0806388,42.79001634,41.56930435,142.5626496,31.46760861,11.33286015,71.05857201
2020/5/4,140.388037,108.9284006,301.6048028,95.72747331,43.84823285,41.54634026,143.9514032,31.63978535,10.58627236,67.04721697
2020/5/5,155.7334972,104.2725422,284.8058251,88.0546789,41.44276396,41.92664502,142.7471933,31.44992496,10.9871873,69.18129843
2020/5/6,155.2300592,110.9143935,290.6650575,90.11873856,41.86926297,41.66819016,143.0995514,31.61325716,10.34787368,69.38411243
2020/5/7,159.3165012,116.9329439,302.9187507,91.53056905,41.99892871,41.89862082,144.4495801,32.07193066,9.650810973,70.21225522
2020/5/8,154.6671473,107.992212,287.690616,92.5087142,40.78836584,43.32170616,142.3376677,30.84212435,10.17483321,70.97853652
2020/5/11,163.7947683,115.3650426,291.4609877,92.97360606,42.10638598,42.99530875,143.0826371,31.53888023,10.76490276,74.43387601
2020/5/12,159.4332234,115.8134212,293.387433,91.25409937,41.78652051,41.75508017,136.6559162,31.98592083,10.42053265,71.48840615
2020/5/13,163.4282579,113.7720022,288.2051164,92.57531243,43.0559133,41.75488274,137.2888389,32.25415816,10.07069099,70.22405129
2020/5/14,158.9400798,117.2397022,291.4296663,93.4688005,42.77535885,41.25916455,136.9619259,31.51700092,9.11735971,67.17313372
2020/5/15,163.0240866,110.7906823,289.7539832,90.07162481,42.31905359,40.21243188,133.6668122,29.6769547,9.571152293,69.53168016
2020/5/18,159.3416,112.5442753,291.6588638,90.4617454,41.41934455,41.11462713,144.6715844,30.93489881,9.314584856,67.70203449
2020/5/19,164.2049298,106.5245938,282.3399142,89.24703808,42.36585918,39.30685861,139.4889306,30.96160104,10.7390953,74.68951008
2020/5/20,162.3655615,108.0331791,282.5557107,90.71228774,42.18281834,39.9413309,140.9733799,30.94764245,11.12500519,75.03947481
2020/5/21,164.3052286,113.6635892,290.1296019,94.81170111,42.78536099,41.04859758,149.9852535,32.16759469,11.38517799,76.58959055
2020/5/22,166.6580448,115.500185,291.8630058,95.35685296,42.31666297,38.42945937,147.2722912,30.9175582,11.63610169,75.21429505
2020/5/25,163.0209964,117.4093195,291.9571942,98.51787188,43.65100256,37.33346736,140.7588179,29.09115559,11.82006469,75.08956675
2020/5/26,165.3432293,118.3419185,282.5189926,92.93134201,41.8682365,37.101426,147.4161596,29.94245199,12.04166256,76.75805414
2020/5/27,164.6653839,122.1016045,290.3192817,95.4463387,43.10008243,38.18523842,149.4264272,31.81002495,12.35429424,80.50715053
2020/5/28,165.5224493,117.3813881,289.0865538,94.45456882,42.47769155,37.95936633,149.756348,34.02634772,13.27022703,83.12768879
2020/5/29,162.217284,120.2606326,287.9051469,94.26056181,42.0486293,38.53260999,147.1116126,32.99854,13.12730148,82.49961524
2020/6/1,168.2431243,117.2926891,285.4520734,91.13500143,41.96891989,38.1507648,144.7203861,33.22233574,12.83991542,81.14444998
2020/6/2,181.1724249,118.6341596,289.3512118,91.35128995,42.78549819,39.78155856,150.3112208,35.17079792,13.95859029,86.8088131
2020/6/3,177.0385178,127.4665646,293.3294648,94.23796043,44.14229856,40.27150801,149.2220272,34.79754744,13.34013845,85.07698036
2020/6/4,177.8234788,127.2244415,295.1183235,96.56650706,42.70314817,39.83048009,147.8807042,34.52615232,14.95086162,90.1701631
2020/6/5,174.5236645,131.8257381,299.9716984,97.7749528,43.62051457,39.81920138,150.3419703,35.96312563,14.89163623,89.69407518
2020/6/8,180.8408884,132.6939263,307.9321267,97.06494762,44.649521,39.83149048,151.2482332,35.82201354,15.52864107,92.75650882
2020/6/9,193.5432346,135.8401978,313.7661565,94.78340139,44.31055955,40.51250438,151.3467736,34.96675289,16.25400205,93.3430354
2020/6/10,190.4335596,143.626118,316.6120161,103.6560805,44.97981124,41.14423177,154.9370564,36.1861261,15.48622231,88.48209787
2020/6/11,208.9781812,135.585881,320.7765474,101.001273,44.54993457,39.61161173,157.3657743,35.88920908,14.4677229,87.76847141
2020/6/12,197.2819438,135.314132,320.2059328,104.0780453,44.01259219,42.95246869,163.9326108,35.70628512,12.16169155,80.74201762
2020/6/15,202.1497628,135.0032523,314.4434879,109.120792,42.93687318,42.90779208,161.0519953,35.81806141,12.64164985,79.73874002
2020/6/16,204.4695755,134.9744221,311.5573192,106.6474437,43.15916916,39.81940797,159.6593033,35.18573575,12.29448002,78.67280219
2020/6/17,204.0557903,136.4465992,314.1853931,104.8989449,43.71276175,40.50625694,161.9285949,36.21387148,12.94124009,82.71897757
2020/6/18,211.6219257,131.9524883,322.4717342,105.8240568,43.09980636,41.55460753,161.108743,36.27318342,12.29807177,82.01197489
2020/6/19,204.629567,135.6398431,312.9360739,106.5318594,43.73861896,39.79202602,160.6770221,35.65269101,11.94555515,81.06649701
2020/6/22,206.2470184,142.9100898,316.7282691,105.6964493,44.21826256,40.81237347,167.9775995,39.03488871,12.13507508,81.00343774
2020/6/23,205.9790393,133.6808155,310.4450591,108.8096085,43.81565885,40.98784038,169.3453517,39.12920983,11.90108352,80.20248941
2020/6/24,207.5764112,134.5556048,316.6988708,104.9625205,43.9889876,40.15382743,170.9905486,39.33875941,12.20215814,81.34054291
2020/6/25,199.2141438,133.8229961,318.4293989,106.3851693,43.84256454,39.01046452,174.1822648,39.23359005,11.17670958,78.03859221
2020/6/26,202.6701982,136.8738517,317.330262,105.9888254,44.45895979,39.35215534,177.502747,39.37273709,11.67348762,79.1945691
2020/6/29,197.3611389,131.7196812,320.0683276,107.4222414,43.6574128,38.94270695,177.5157902,39.32701992,11.24314959,79.00299109
2020/6/30,207.6435436,128.4229468,314.0461043,103.0710515,43.79292107,38.39527045,179.3812692,38.77140934,12.54366193,80.91668018
2020/7/1,220.9394086,124.6429923,311.7169691,101.2410171,42.89481677,38.82233585,181.2564247,40.2863427,12.3932898,81.75804555
2020/7/2,229.6373978,136.9359889,321.5306176,104.9431133,44.77757834,39.11389487,176.4900559,40.27656887,11.80137723,79.36083305
2020/7/3,248.0134189,134.8478919,324.3947656,106.4397229,44.01456386,39.03691515,175.8469474,39.08216082,11.95978392,81.03937873
2020/7/6,251.9258005,135.2419217,325.6653645,106.5431076,43.79702858,41.13108955,179.2359928,39.59769986,11.99993444,81.25408924
2020/7/7,285.065466,141.0908933,344.2810227,108.7912022,44.98840955,42.65623449,187.4831128,39.52956182,12.05691599,82.07042543
2020/7/8,289.1414383,136.4890152,341.2564999,109.3790599,46.91659244,44.6004049,201.4350088,40.71268498,11.65689596,81.09713467
2020/7/9,296.6489624,149.5603521,351.0270959,111.8448282,47.75310687,44.59881414,203.630262,42.92256904,11.69153708,80.11259843
2020/7/10,302.3164801,145.404296,351.4109786,106.2571898,46.04570083,48.58940408,214.1274226,42.52334954,11.50030158,79.38083355
2020/7/13,336.2472121,139.2646915,356.7328855,103.8901528,45.85062478,47.30669844,212.7181609,40.97637925,12.26228263,79.12878762
2020/7/14,321.8106022,142.2464154,358.8649489,104.5119114,45.34565806,49.80591399,234.1882471,42.33146213,12.12970879,80.20861829
2020/7/15,330.9887582,142.0894185,373.4306223,103.6541811,48.04414959,49.31619023,227.1892066,42.35110047,12.49623938,80.84944662
2020/7/16,337.0941504,141.9349125,370.7846651,103.7437338,44.36500346,47.20897051,217.8299329,41.3368864,13.35166274,85.59895409
2020/7/17,317.2371067,136.0046003,361.9219961,103.6986551,46.27917645,44.30462045,210.8650061,39.17777921,12.98124904,84.23673108
2020/7/20,317.6334605,134.1051588,379.7832038,104.6096548,45.55755366,43.71576877,206.9608931,39.4112831,12.94866902,86.07144239
2020/7/21,347.9490358,140.9390129,378.1957674,103.2024439,46.29860721,42.24875773,216.7613043,39.55510578,12.72045926,85.22413876
2020/7/22,329.7773367,139.345098,387.2637921,105.8020413,47.42680262,42.43522609,215.1299421,39.93116222,12.74057888,85.61521755
2020/7/23,335.0070685,129.8561219,396.5443133,104.5723006,45.6041998,42.05640571,215.4511576,40.67030169,13.02814128,86.82634708
2020/7/24,318.5563623,133.3747653,393.2866969,104.3157242,46.76811406,42.18177857,221.2324559,39.88356371,12.9547557,88.54616864
2020/7/27,298.6407122,131.176361,406.21588,101.3323007,45.75784069,40.2810517,206.1644364,37.80343613,12.79526024,87.166923
2020/7/28,324.2698191,132.7322889,441.1398597,99.14857555,45.52049656,41.07319322,199.2139255,37.01968566,13.05307665,90.33278677
2020/7/29,311.2162057,140.5684259,453.5227425,96.75019109,45.43048628,41.55980538,206.066607,37.71949222,12.88617512,87.18476183
2020/7/30,306.6553725,138.7339904,422.645044,96.90601826,45.94354833,44.30585459,210.0149456,38.81538894,12.76723883,88.15702347
2020/7/31,312.9468664,133.6541289,452.0131399,97.3331465,45.23072306,43.97672037,212.3208071,39.02337909,12.04613243,89.71799409
2020/8/3,297.383445,136.7188767,445.2357529,95.9352016,46.221376,45.02138953,219.5718268,42.98020195,11.45939899,88.32078741
2020/8/4,298.8700138,125.8830508,425.464778,90.77272829,43.94255532,48.94031583,220.0295681,44.39984715,11.93779465,89.19050367
2020/8/5,307.7572394,132.2765872,447.3502601,96.3591041,45.48417688,47.364571,219.5170317,45.30607723,12.27584383,90.93769977
2020/8/6,300.5809413,137.1853091,439.3580503,95.71816153,45.31949003,44.83983371,216.2634266,46.05279508,12.85291439,91.31171519
2020/8/7,303.4829121,144.8660893,440.8963836,96.0893338,45.32584058,46.52679585,216.739688,46.64665533,12.20703256,90.66941956
2020/8/10,293.7750353,146.7417525,445.2236564,93.97483679,45.45385575,44.97966935,209.2472863,47.59466273,12.522343,92.09897509
2020/8/11,288.0648406,143.6758803,449.0684868,93.84910751,45.92068522,45.53088417,205.4415366,48.37154971,13.51582596,92.9510263
2020/8/12,283.8836631,139.2136108,436.7183394,93.76410662,45.69010352,44.55924485,200.528495,48.21870345,13.92727154,94.38042096
2020/8/13,313.7772361,137.5557631,423.9568048,94.75576487,45.87286944,44.25064835,197.7474929,48.50735075,13.91179943,94.93068007
2020/8/14,329.6183161,135.1673378,433.9299267,93.79438713,45.76001274,44.03784055,197.9548437,49.78938264,13.4964776,95.09415382
2020/8/17,327.4987435,138.8970881,431.6535557,99.5860393,46.40619007,43.89365823,201.4701738,50.6022518,13.666409,92.69601066
2020/8/18,375.641466,137.5670687,439.7981145,96.12958364,46.15016121,44.26273839,198.2849526,48.58068843,13.90968847,93.52860251
2020/8/19,385.3344642,131.785462,437.4934031,96.37015449,46.09364206,44.5115697,201.06635,47.94935797,13.40868135,93.19700963
2020/8/20,379.2255476,132.1930101,431.7275818,98.03082317,46.01254647,42.49539483,190.9518472,46.83760624,12.92791635,91.65952673
2020/8/21,410.7550889,123.83137,419.2330246,92.14556812,45.03395526,41.76288729,189.6504218,46.70190263,14.13762951,91.39226836
2020/8/24,421.9430061,129.5141413,429.048157,95.67823292,45.65682943,42.21554007,193.3558293,47.07381505,13.61323897,92.74224414
2020/8/25,407.7776324,127.0003026,429.3470752,97.08433385,45.76067785,41.92207652,201.8996022,47.54367281,13.6205699,93.02079732
2020/8/26,418.2882967,125.1701659,435.5934806,95.3734849,46.07676014,41.75203371,199.8660331,48.66703219,13.83459881,93.83189594
2020/8/27,442.7961657,127.0979609,442.7727012,98.87183108,47.66690536,40.7634706,194.1657645,46.73653855,13.70485104,95.23199624
2020/8/28,461.5813805,124.6651243,446.9817755,100.0391102,46.8808141,41.17859137,205.7099796,48.03725144,13.92837842,95.9667328
2020/8/31,453.8459969,123.5175606,438.412159,102.2028623,46.92531987,41.41160969,209.263001,47.93140911,14.12624496,98.14732315
2020/9/1,511.0546427,122.0004622,429.9870023,102.1500738,47.14468856,40.99172999,206.4240845,47.0961868,13.97345872,96.94863665
2020/9/2,500.5074165,121.955502,438.3196852,105.0739195,47.23130394,42.33745889,214.7044115,50.20845007,14.61508649,99.02055692
2020/9/3,461.6077143,125.6160377,435.1764146,102.9929966,47.46245876,42.0005393,211.8985644,51.12398998,15.09045594,100.5812251
2020/9/4,423.9235593,124.0864506,437.8317639,103.5894409,47.83243082,40.81239054,210.418895,51.11223675,14.2339685,97.41700445
2020/9/7,467.0018205,127.1733065,431.7996549,102.8867489,47.77553027,39.95508319,205.2262947,49.17488613,14.73153963,100.9894571
2020/9/8,434.0930174,121.9007648,429.5574129,100.9090568,47.38488248,39.03316853,188.2272839,48.35064001,14.15589168,98.53224776
2020/9/9,346.5092143,122.0235519,433.6014241,99.80751528,47.21198067,39.09384648,189.163138,47.02556858,13.98546529,94.51267651
2020/9/10,368.9756077,119.4677794,429.0125473,98.09343527,47.07275109,35.42848964,180.6959931,44.33180615,14.41676425,99.98586555
2020/9/11,381.6549763,120.4485324,435.5785039,95.53200949,47.36782828,34.77644751,185.180022,44.759745,13.77340212,97.10796407
2020/9/14,379.7255203,121.8809243,436.814945,96.78491023,47.11435577,35.93587108,185.7537749,45.93848861,14.0818884,98.00370079
2020/9/15,371.1341311,126.8544429,439.5952665,97.84457243,46.57571718,35.91455425,190.7092625,46.36925936,15.11015532,102.2867017
2020/9/16,488.077823,127.30766,445.1474981,97.03786624,47.19287473,36.0913226,192.7935844,46.9459423,14.33105603,99.91198237
2020/9/17,440.9771797,132.680637,458.36852,97.51579111,47.24973624,35.94750176,190.061453,46.34993673,13.6969479,102.4359687
2020/9/18,429.039741,130.9904186,451.5382429,97.57722825,47.38961727,37.73342036,198.2172031,48.21955153,13.43872837,99.70225056
2020/9/21,479.2057505,133.5994043,447.5589057,98.41180001,47.19328938,38.26682829,198.5810638,47.64302742,13.02012812,97.93313188
2020/9/22,470.5536384,132.5745948,443.6070751,98.65627006,47.06237659,37.73949376,197.4082327,46.32008853,11.82247164,95.08501245
2020/9/23,429.7926343,130.4333982,437.0028558,97.99909155,46.14128905,37.29083302,201.3129162,45.2736847,11.84719088,94.66528748
2020/9/24,378.8596557,130.5128253,435.6215994,96.82359455,46.05658475,37.24534682,197.3215334,45.68336986,11.6218673,93.31962988
2020/9/25,397.7914954,123.9027603,425.0644614,91.68045221,45.3101748,36.12801978,190.999278,44.89111427,11.49919954,95.17557314
2020/9/28,416.2630422,122.005165,422.3785381,88.43351716,44.99688771,35.64031421,189.8275744,44.33239849,11.54596031,95.86590748
2020/9/29,413.577928,124.4365044,431.5976914,88.87421054,45.38569496,35.83211263,193.2050983,43.67781944,12.03193919,96.23344052
2020/9/30,399.1675963,124.8094785,431.0994602,92.05707974,45.54818817,36.05363422,203.8274488,44.7213646,12.26791246,97.76303046
2020/10/1,428.8860598,125.7103402,435.4030018,92.34183088,45.8688001,35.85459638,207.0834535,45.1699646,12.07387186,97.48148055
2020/10/2,466.5877192,124.8059871,431.9308371,92.01117335,45.53756006,35.98513828,207.4159292,45.27220401,12.86840255,97.57730388
2020/10/5,431.8010719,124.7532092,431.8126866,92.03401706,45.48085304,35.98762813,207.2537993,45.28441173,12.90951113,97.00537209
2020/10/6,429.1236303,126.3732887,433.1713882,93.8705482,45.8880381,35.85244407,209.6933858,45.0496379,13.75603716,101.1324829
2020/10/7,421.2451206,131.0132939,437.9413375,94.55167518,45.78995517,36.03906878,209.5385052,45.18498479,13.56116976,101.0170955
2020/10/8,435.6943624,129.5111088,441.2856149,93.87937614,45.87484514,36.03887745,209.4946297,45.19732887,14.25625902,103.6090062
2020/10/9,420.8198904,130.3687386,451.1000689,94.03461122,45.81827273,36.09758281,209.6187437,45.40937092,15.22651716,106.2186255
2020/10/12,448.3974754,131.0020729,450.5238603,94.54903618,45.87741694,38.88036891,225.4697786,47.40277437,14.93690054,106.7996229
2020/10/13,440.2649145,127.416368,457.5192349,93.82488702,45.7779695,39.25281676,234.3691023,47.48610694,14.95791793,106.9257927
2020/10/14,454.8013327,128.5730868,458.1200812,91.77266317,45.83030474,40.75405327,244.0371705,51.98256372,14.84311949,106.1897351
2020/10/15,466.798479,128.478837,456.5824167,90.99193227,45.92825135,39.59314089,241.4051306,50.47924493,14.78187179,105.7536827
2020/10/16,454.1233905,125.4696793,450.8593748,90.98921647,45.88864009,40.05361374,240.8478286,50.6914913,14.84127756,107.1246632
2020/10/19,441.180763,124.9503214,445.1495688,91.10555044,45.58351427,39.80872963,232.0869174,49.89166669,15.03383063,107.424297
2020/10/20,429.906547,136.6819698,455.1802372,89.7889895,46.65519409,40.16547161,230.4280218,49.89871509,14.91847345,105.4772478
2020/10/21,423.2141747,134.1587554,448.6363105,89.34771092,46.52471812,40.03369783,243.7032046,50.79073606,15.10564486,106.2613973
2020/10/22,435.9639797,132.2997151,447.9451378,89.21615498,46.70139151,40.17699064,236.1309323,49.29411977,15.49327314,106.728896
2020/10/23,414.7775215,134.6979708,451.4291908,87.98385694,46.3276693,39.76379925,233.3515415,49.40601741,16.01315841,105.8126123
2020/10/26,408.2477999,132.6687902,448.539858,90.10253911,46.27887795,38.90569022,227.452466,48.19834456,16.15971055,107.1867829
2020/10/27,419.1195432,131.8931607,448.1557935,88.94056655,46.15343348,38.78201268,236.1240796,49.81864024,15.54361817,104.673346
2020/10/28,423.2597407,130.1370258,443.9416324,87.64016161,46.04023119,39.33897265,238.3022847,51.32349007,15.04582031,101.9973314
2020/10/29,404.4999105,128.1619867,440.8742812,86.7811623,45.88233254,41.07291786,240.592959,51.49626276,14.71155051,97.28460885
2020/10/30,409.7541498,126.4212935,428.8661412,86.31286768,45.30326404,40.73999715,243.5828512,51.35130396,14.76359211,96.06101942
2020/11/2,387.8277136,121.007729,427.7774234,85.7249453,45.29154381,41.25614981,249.2953884,51.40611618,14.17579683,96.86105021
2020/11/3,400.0754615,119.4582779,431.0848615,84.7248964,45.37846759,41.55126806,262.1858354,51.20904365,14.28793836,99.38252705
2020/11/4,401.4617353,122.1741886,431.9076172,86.15084793,45.26068659,40.87516852,258.9737272,51.34499511,14.98978101,100.364701
2020/11/5,415.9897007,125.6484528,441.8926647,88.21566302,45.37391132,41.14852774,258.7778685,52.24192976,14.16630785,100.6166217
2020/11/6,432.6525258,125.5377103,442.7105234,87.7735096,45.25028842,42.0084894,271.7074877,53.70366257,14.94488489,103.6568089
2020/11/9,436.3771764,128.8998835,444.7694704,88.51481939,45.56362412,40.38059908,265.8866833,51.11933579,14.68138769,104.5934001
2020/11/10,414.8037666,126.5371375,451.839902,90.22522869,45.85635946,40.55221317,270.918008,52.9338919,15.43264973,103.9696517
2020/11/11,399.8550485,120.237421,443.9319614,91.41202445,45.98159941,39.30729374,269.4265695,52.0373672,16.13157386,105.4810592
2020/11/12,423.4616476,123.8317984,453.412836,93.54104783,46.89231246,37.4182788,254.6252169,51.1535633,15.96998646,108.2208602
2020/11/13,396.5700004,123.4752915,451.3910208,92.64450431,46.65228485,37.13392684,258.8109632,48.75287976,15.82830712,104.9132766
2020/11/16,400.4772159,122.4394685,455.3264413,93.67640112,46.9604729,37.58150518,257.9415145,49.75149422,16.50738675,109.0136755
2020/11/17,405.0585834,124.5003539,472.2436715,93.1831153,47.21287916,37.83486661,258.9403526,50.99519274,17.6878077,110.6842824
2020/11/18,433.9888134,122.2224144,477.3284555,93.78185414,47.66881234,37.22930639,253.8419707,48.92888843,16.99146437,109.9534199
2020/11/19,478.4579148,120.674373,488.1660121,94.64925575,47.76223911,36.76017938,243.4458907,46.78082717,16.80884214,109.756927
2020/11/20,489.8373315,118.7889152,487.544875,95.45529108,47.67839043,36.69062769,243.1067459,45.85159559,16.52688829,111.3077646
2020/11/23,487.2240497,116.2134906,482.9659818,95.25879653,47.53584958,37.02266257,253.780102,47.41319543,16.4181958,110.5342978
2020/11/24,517.4559887,116.9358595,491.278064,95.41588346,47.49403986,37.35762192,254.790961,46.64062555,17.49246123,113.1620823
2020/11/25,572.3848146,117.69432,484.9145229,96.35212609,47.38597485,37.77017388,260.2929431,48.90442895,18.57529273,116.7772112
2020/11/26,591.2403477,116.1591342,483.4407625,98.43143373,47.66932776,37.17577727,248.9429958,46.81853052,17.91600929,114.2857467
2020/11/27,571.9633256,118.09797,485.2416033,99.291713,47.76140266,35.98162044,247.7773403,47.94426219,17.9286961,114.5719767
2020/11/30,636.5421891,120.3185983,482.7842989,97.45655714,47.75896723,36.4557892,246.2656306,47.91261104,17.71638549,116.8365216
2020/12/1,585.9695662,122.914791,476.2456533,97.96247119,48.0984903,36.62066733,246.3568339,47.34843406,16.95050924,113.1444989
2020/12/2,583.3519622,123.8184626,485.3662424,97.0510742,48.39875081,36.64359339,249.6943622,48.10744273,17.84232639,114.405751
2020/12/3,595.0301656,120.992718,489.8424986,95.14251825,48.17288321,36.56028227,248.08928,47.78419096,18.13841606,116.2107692
2020/12/4,607.945683,121.1665336,492.5297319,99.94058587,48.48736243,35.75518809,248.5400946,48.88315888,18.61581688,117.6674107
2020/12/7,607.2515208,119.6670312,498.2135737,108.6989946,48.69542393,35.63320344,252.1724121,49.37937666,19.74725676,119.8768516
2020/12/8,673.5997902,123.4512356,516.5772702,111.7043021,48.95933702,35.50443669,262.1444824,49.34244695,19.48606125,119.2734194
2020/12/9,674.8366974,121.1685515,520.5800993,109.0168497,48.89896569,36.36106424,267.5147151,49.49034108,19.58491987,119.9099322
2020/12/10,626.003628,122.2039808,516.9143172,109.2857287,49.35386228,33.11871507,267.5161603,48.65651959,20.0800166,119.3286473
2020/12/11,641.5080269,118.1840445,516.1922179,107.8388917,49.2154875,33.14451835,267.2271094,49.62283947,19.91238469,118.7713594
2020/12/14,624.9302947,117.3751124,520.2548804,115.6354035,49.64926684,31.92241787,269.8492851,49.35503322,19.55330071,117.9453192
2020/12/15,676.1864229,116.6973605,512.2933466,115.6035865,50.25465487,32.11952127,269.8346009,48.92724555,19.50843514,117.9494139
2020/12/16,638.6213962,111.4527589,506.0472332,109.3968483,49.57246814,32.10327223,282.0045363,46.77285201,20.3771187,118.6645564
2020/12/17,634.8819454,118.651301,519.1928592,113.019953,49.96554922,31.50191068,288.5403994,48.36551011,20.49724269,115.6790209
2020/12/18,674.4759395,119.2426374,517.4314117,112.390634,49.81050801,31.75840666,287.7693898,47.27206892,20.4544065,116.8058285
2020/12/21,705.6898146,118.4795804,513.5585111,112.0674675,49.53756006,32.3356905,295.3678863,50.46430495,19.71121466,117.3354694
2020/12/22,659.5699637,117.8615775,525.3496476,105.8846961,49.55079527,33.61600843,328.9366828,52.01867578,19.68717164,117.0564604
2020/12/23,649.9612095,115.9122059,517.358607,105.9223508,49.39333755,32.41371693,319.0011222,52.0243482,19.93711627,116.8204486
2020/12/24,683.8852693,116.986833,513.8629274,104.6094784,49.2973279,33.12432945,338.8752105,52.21414081,20.07344436,120.6301991
2020/12/25,686.4765778,117.1710527,518.8506606,106.2135705,49.61924031,32.18157868,320.6331341,52.32895615,19.76462851,119.6998531
2020/12/28,668.5469338,116.2096096,519.123508,105.01483,49.72475204,31.86289753,326.2390351,53.65594727,19.77768331,120.0896794
2020/12/29,673.9731944,117.2377044,520.1352128,108.4600921,50.74248669,30.62257863,326.9214911,53.33620147,19.53287014,120.1361286
2020/12/30,679.100936,116.2346606,520.1603328,105.7472057,50.71820532,30.5447607,317.9463799,52.41598973,19.21112738,118.4816662
2020/12/31,708.072009,114.7052422,530.4052937,106.1864339,51.01294169,30.35549154,350.9564917,53.95259976,19.71017598,120.0990401
2021/1/4,714.7768341,112.3266025,531.1917684,104.2192562,50.97477934,30.81233887,363.6640389,54.33085569,19.70744798,121.0590577
2021/1/5,739.3289634,118.1527233,541.6620826,115.6911103,52.18970812,33.88301117,414.2080393,58.35145011,19.24967607,120.5257493
2021/1/6,744.6825845,118.3736126,547.428847,122.0351083,52.29043554,35.00471413,412.5253385,58.35570202,20.40500143,122.8517794
2021/1/7,772.2719729,116.1009227,557.2485678,122.8438415,53.14700403,34.75078174,424.5264206,57.35422771,21.60661632,126.1912076
2021/1/8,836.2723479,120.1380749,576.8620341,125.4309028,53.2827795,34.83485393,428.2187926,59.508332,22.52969686,128.9522513
2021/1/11,901.9498634,118.2980502,591.7762659,125.2990099,52.87924778,34.55100646,420.0153504,62.21795882,21.95948487,130.7643735
2021/1/12,847.8512127,118.5492038,607.152172,128.6935353,54.07607345,33.89732988,401.7287099,57.90640421,22.10506657,131.4462168
2021/1/13,881.1806157,118.1919902,607.8147228,124.6157062,52.86997371,32.99766824,415.0984292,56.95500175,23.18439896,130.3204049
2021/1/14,883.4083947,120.421655,621.2157189,125.4097245,53.62312932,32.59785345,398.4849921,56.97041208,21.93387182,130.7025982
2021/1/15,879.945659,120.9775278,614.5731726,127.9521205,55.43992555,32.52851593,380.0476643,54.48668813,21.31691263,130.9577051
2021/1/18,861.1544102,116.4541286,622.7344943,123.8144946,53.55290791,32.54919193,392.7122728,53.39122688,20.84328381,129.0048651
2021/1/19,853.5844364,117.6911801,628.7995561,123.0325745,52.8073864,33.38574663,396.4003317,53.44194925,21.10824093,128.7426141
2021/1/20,875.6586795,116.2047803,640.8092002,117.164486,54.25283918,34.34653728,377.7534349,51.96754427,21.67095802,129.5080123
2021/1/21,880.7531044,112.1880167,671.1683616,119.589441,51.16188312,34.22455675,401.9952233,53.06647768,21.53682099,130.8128477
2021/1/22,877.4691718,114.2928828,696.973943,123.8314709,51.3096388,33.83732482,402.0407197,52.8165924,21.67141898,130.9719617
2021/1/25,936.5185717,117.0869619,681.315921,120.2362781,51.61664098,34.28458076,419.0588111,54.90553644,22.12120379,129.5791769
2021/1/26,943.1527377,119.7232644,665.6069924,120.2574666,51.92120663,34.54868652,407.7785805,57.48806966,21.32794189,128.4568023
2021/1/27,944.8584549,117.4738156,646.8817106,122.1749474,51.77792119,34.87212706,396.2982631,57.10344583,21.02807592,124.2811474
2021/1/28,878.5720249,118.6486576,624.2743764,127.0884467,51.30850071,34.65119755,401.209053,56.34604459,19.24793293,119.2872954
2021/1/29,858.9333084,115.8712352,618.6209106,122.0797491,51.56530127,32.66664132,377.8387178,56.33588198,20.31516031,119.502759
2021/2/1,839.6690288,113.6750974,611.7095258,118.0997643,50.85962215,31.93301986,361.764835,55.56087065,19.66508334,120.4877493
2021/2/2,839.1563038,114.4617658,610.9511177,113.0651177,50.31533594,31.94642341,356.5098075,57.0341964,20.06933021,123.6650422
2021/2/3,931.4598126,112.3472373,641.9321312,120.2433146,50.84269982,32.185398,372.1450897,56.97074266,20.64630762,124.2099968
2021/2/4,896.3675132,112.0463401,643.7060284,121.7844318,50.77012331,32.57292652,385.6178682,62.6721103,21.37033085,128.4239435
2021/2/5,923.1268329,115.7562,665.17087,127.590573,50.24295479,32.33627628,391.8326388,64.77880207,21.92473705,128.7789558
2021/2/8,901.272942,114.6775733,659.4400366,122.5931876,50.40709375,32.80401979,377.6538986,63.33143942,22.09563718,128.311687
2021/2/9,909.8593718,114.7438089,656.3635621,121.6105739,50.41030776,32.70824482,408.5556135,62.20376542,23.64962044,130.0308788
2021/2/10,898.6845592,115.4269487,647.0110805,120.232818,50.24862292,32.63813665,414.2190443,65.13546575,23.29925506,128.7040341
2021/2/11,844.1332103,115.1932236,646.9858815,122.8458697,50.2815121,32.15981002,416.91208,64.81313876,22.81160324,126.3719677
2021/2/12,847.8134543,115.2873253,647.1170338,122.4223378,50.28811255,32.16007258,417.0685343,64.84507089,22.55565266,127.4045957
2021/2/16,838.0356138,113.9838704,629.9081971,119.0764396,50.15499113,32.03772168,418.2060909,64.55713648,22.43542107,128.7615531
2021/2/17,812.705322,115.107497,637.6475955,121.0592276,50.2459036,32.05883246,419.123132,64.69793261,22.58081419,130.8120557
2021/2/18,816.563369,115.6122782,670.1905268,122.8689365,51.4566339,32.05570938,419.25045,64.71022269,22.79858711,129.2657188
2021/2/19,819.7644093,118.0772502,667.9892183,120.0579757,51.83216829,32.82283585,402.4372769,60.36250433,21.1596889,130.0794897
2021/2/22,813.4222347,120.1960717,659.4919677,117.9030272,52.50178212,34.06818352,392.3740683,58.75068494,22.23944278,133.2478503
2021/2/23,733.4285611,119.689404,657.7122447,119.0288385,52.69443619,33.93021153,379.6752612,56.27543167,23.26856849,130.5046493
2021/2/24,704.1703965,118.558166,659.1825636,116.7121535,53.23981352,33.84356624,380.8356514,56.92656426,23.48385836,130.9930825
2021/2/25,784.3395209,119.2694927,641.3662693,117.9254433,53.79792275,34.42570169,349.9292394,54.132365,24.91806932,131.9445988
2021/2/26,697.5681005,122.2311848,646.0398757,116.1384779,54.2875154,33.86953685,339.8525585,52.95077577,23.52792894,126.5977864
2021/3/1,678.8902514,120.6276552,611.4864855,119.1424323,54.37701597,33.69589936,322.2878315,51.37086938,23.80183935,130.751239
2021/3/2,730.1514665,120.3033634,611.4196833,118.1928722,54.36371468,34.06403733,343.5125523,52.96431881,24.51689187,134.7591762
2021/3/3,685.0001535,121.3086482,611.0995022,113.7512915,56.27137182,33.84162903,348.4114563,52.30392146,24.48514969,135.3314301
2021/3/4,658.8919007,123.8137217,638.7590474,118.4789254,56.89742972,34.20319567,350.082507,52.64174356,24.58692459,132.9261458
2021/3/5,617.1426152,119.8949217,607.1151816,116.3774103,57.60288906,34.42722934,325.1120307,50.61722621,23.71474343,128.8520151
2021/3/8,593.9830034,119.9418501,606.4997205,113.4994792,56.89094074,34.88491467,319.2415202,50.19734756,24.67559475,131.0520267
2021/3/9,550.0155774,118.6925979,576.2061001,105.4306909,55.58131409,34.92552432,301.9057823,46.97052605,25.16983481,126.6550671
2021/3/10,655.0325825,118.2194382,591.1993913,106.6374248,55.39908161,33.98954875,297.5693968,45.69033328,25.45639046,129.5601964
2021/3/11,654.1717889,119.7390684,596.4550811,107.8397262,56.14499197,33.23077038,312.2298465,46.63314623,26.14772627,130.2877032
2021/3/12,658.2692086,121.519459,624.4588386,110.6826389,56.69713496,33.59647707,327.7136554,47.17389821,25.65013983,131.7109832
2021/3/15,623.9613604,121.0283276,613.715535,111.1804256,56.3141937,33.41532023,336.2256543,47.13250598,27.12961503,130.1762658
2021/3/16,687.2576097,121.7871139,611.1915168,106.4477436,55.69818637,32.15859116,307.3151614,46.70143462,27.30326745,134.8258258
2021/3/17,663.7401249,123.0525326,617.380309,109.2151877,56.23895549,32.00200921,321.2063293,46.51579926,26.3824978,133.9968238
2021/3/18,698.1143676,125.5078891,608.2414441,107.9944579,56.34490118,32.25547696,331.0463312,46.65528508,27.24114285,134.1322436
2021/3/19,641.9280739,128.5512905,605.7083976,107.3495365,57.05379824,32.77561052,333.7100988,47.56859151,26.00009628,132.2205444
2021/3/22,631.811487,128.5559909,590.7273125,105.4254036,56.85158282,32.12293268,313.3575882,47.09304413,25.40130746,128.9624101
2021/3/23,660.4767857,128.2802345,591.1567387,111.6997894,56.17575537,33.27859409,305.2887805,46.53191885,24.77237052,128.698152
2021/3/24,648.6632543,126.3301425,592.6370719,112.8851213,55.57428811,32.5078496,301.2609504,45.84623857,23.54045999,123.9057673
2021/3/25,597.5476602,126.5867661,566.8878275,113.257609,54.95635711,32.12877284,284.0253432,45.09842256,22.70140834,124.4014082
2021/3/26,611.7521845,124.2640433,567.7785948,109.8422343,55.20146949,31.40429047,285.1401647,46.02009193,23.35781765,125.2738992
2021/3/29,600.5304043,125.2220655,582.7824752,111.7723348,53.38020704,31.52305939,306.8690774,48.15402823,24.5602887,128.0982406
2021/3/30,584.4500948,127.3067519,597.8037488,113.4416447,52.38977387,30.92595146,303.8533104,47.2638795,23.55400751,126.706949
2021/3/31,619.9389371,125.471229,586.5067453,115.2230361,52.89370139,30.871896,307.6165615,48.72453736,24.50453567,126.7704949
2021/4/1,643.908747,121.1401003,576.4549297,115.2244371,52.88625368,31.16439985,310.6571749,48.54697516,24.19224949,128.3559413
2021/4/2,618.1102244,119.2783526,603.5767619,113.0312395,53.08643204,30.47341774,329.2083334,49.23011316,24.46808491,130.2362933
2021/4/5,644.14244,118.7053377,596.7178938,114.0257355,53.10638026,30.99944393,326.4300513,48.95259138,24.51575689,130.3358335
2021/4/6,663.7900806,118.7953202,596.4441497,113.7196298,53.0810528,31.0099646,326.4497387,48.96597331,24.64142935,132.2752012
2021/4/7,673.4241031,118.0763472,597.6735503,113.5055147,53.05818596,31.4336783,321.8932294,48.48505961,25.02476435,131.8545031
2021/4/8,654.8195876,116.5598416,604.6213303,116.4362591,53.33393719,31.51901235,314.4602391,48.08602981,24.28921445,129.2411691
2021/4/9,666.7694272,115.5640518,606.8699961,115.4220814,53.71527371,31.53225443,314.1062901,48.31999716,24.39272845,130.6628126
2021/4/12,659.7562401,112.8123362,599.9956093,116.1804754,54.0067632,31.37056445,297.0244268,47.7344484,25.77942838,131.2461896
2021/4/13,673.7790186,114.5090367,599.5573989,110.6047886,53.58111256,30.8470873,306.3939314,48.64046842,26.73691064,131.6516324
2021/4/14,738.0690206,111.9756711,603.858162,112.1415605,53.18226383,30.43059929,315.4373875,48.60909342,25.57903231,131.2075591
2021/4/15,719.7791055,107.7965207,613.1805913,111.6550975,52.74780846,30.88982351,340.3258273,50.98979589,26.47362449,130.6951225
2021/4/16,724.4601925,108.5586152,614.8397447,110.7042058,52.5471994,31.00642413,326.4449784,50.86903694,26.75501201,132.5359879
2021/4/19,719.9782922,111.0375914,604.9527769,109.6412208,53.24891541,31.16670202,323.5807192,49.94365098,26.8961083,133.2755867
2021/4/20,717.5518853,108.1585003,606.3573536,108.5171274,53.65507117,31.98939025,360.6752603,53.11772869,26.88347518,130.6138538
2021/4/21,710.2817475,106.1569501,601.5347336,109.7829279,54.36035172,31.45977772,350.2994103,52.17134904,25.977206,128.4653955
2021/4/22,736.1207094,103.6825519,589.4308853,107.7648421,54.35201035,31.2010839,347.2757794,51.7101882,27.16549828,133.5944537
2021/4/23,700.892685,102.7435218,575.1757214,103.803022,54.19173828,31.52868469,351.7742792,51.35145185,26.8888735,131.5249676
2021/4/26,712.2211658,103.3481337,591.9875487,103.1145683,53.42780053,31.13535739,364.5156135,52.28203928,27.80014385,134.3405595
2021/4/27,730.7160091,103.2790344,603.137793,103.0990282,54.17191086,30.94221697,342.5111104,53.49237114,27.3440526,134.7637217
2021/4/28,699.7409176,105.5537912,616.3714151,102.5276592,54.22506313,31.0666671,352.614104,54.49261865,28.04653687,135.2900051
2021/4/29,689.2599526,103.5367044,598.6435629,101.2605415,54.89148096,32.66008558,362.5148663,55.14687862,28.02982202,136.1549669
2021/4/30,672.068157,105.1179103,594.2044577,102.2290971,54.56638028,31.92545046,375.4342861,56.03919918,26.81391887,138.459224
